File	Encoding
my_file-1.html	utf-8
my_file-10.html	utf-8
my_file-100.html	utf-8
my_file-1000.html	GB2312
my_file-1001.html	GB2312
my_file-1002.html	GB2312
my_file-1003.html	GB2312
my_file-1004.html	GB2312
my_file-1005.html	GB2312
my_file-1006.html	utf-8
my_file-1007.html	utf-8
my_file-1008.html	utf-8
my_file-1009.html	utf-8
my_file-101.html	utf-8
my_file-1010.html	utf-8
my_file-1011.html	utf-8
my_file-1012.html	utf-8
my_file-1013.html	utf-8
my_file-1014.html	utf-8
my_file-1015.html	utf-8
my_file-1016.html	utf-8
my_file-1017.html	utf-8
my_file-1018.html	utf-8
my_file-1019.html	utf-8
my_file-102.html	utf-8
my_file-1020.html	utf-8
my_file-1021.html	GB2312
my_file-1022.html	utf-8
my_file-1023.html	utf-8
my_file-1024.html	GB2312
my_file-1025.html	utf-8
my_file-1026.html	utf-8
my_file-1027.html	utf-8
my_file-1028.html	utf-8
my_file-1029.html	utf-8
my_file-103.html	utf-8
my_file-1030.html	utf-8
my_file-1031.html	utf-8
my_file-1032.html	utf-8
my_file-1033.html	GB2312
my_file-1034.html	utf-8
my_file-1035.html	utf-8
my_file-1036.html	utf-8
my_file-1037.html	utf-8
my_file-1038.html	utf-8
my_file-1039.html	utf-8
my_file-104.html	utf-8
my_file-1040.html	utf-8
my_file-1041.html	utf-8
my_file-1042.html	utf-8
my_file-1043.html	utf-8
my_file-1044.html	utf-8
my_file-1045.html	utf-8
my_file-1046.html	utf-8
my_file-1047.html	utf-8
my_file-1048.html	utf-8
my_file-1049.html	utf-8
my_file-105.html	utf-8
my_file-1050.html	utf-8
my_file-1051.html	utf-8
my_file-1052.html	utf-8
my_file-1053.html	utf-8
my_file-1054.html	utf-8
my_file-1055.html	utf-8
my_file-1056.html	utf-8
my_file-1057.html	utf-8
my_file-1058.html	utf-8
my_file-1059.html	utf-8
my_file-106.html	utf-8
my_file-1060.html	utf-8
my_file-1061.html	utf-8
my_file-1062.html	utf-8
my_file-1063.html	utf-8
my_file-1064.html	utf-8
my_file-1065.html	utf-8
my_file-1066.html	utf-8
my_file-1067.html	utf-8
my_file-1068.html	utf-8
my_file-1069.html	utf-8
my_file-107.html	utf-8
my_file-1070.html	utf-8
my_file-1071.html	utf-8
my_file-1072.html	utf-8
my_file-1073.html	utf-8
my_file-1074.html	utf-8
my_file-1075.html	utf-8
my_file-1076.html	utf-8
my_file-1077.html	utf-8
my_file-1078.html	utf-8
my_file-1079.html	utf-8
my_file-108.html	utf-8
my_file-1080.html	utf-8
my_file-1081.html	utf-8
my_file-1082.html	utf-8
my_file-1083.html	utf-8
my_file-1084.html	utf-8
my_file-1085.html	utf-8
my_file-1086.html	utf-8
my_file-1087.html	utf-8
my_file-1088.html	utf-8
my_file-1089.html	utf-8
my_file-109.html	utf-8
my_file-1090.html	utf-8
my_file-1091.html	utf-8
my_file-1092.html	utf-8
my_file-1093.html	utf-8
my_file-1094.html	utf-8
my_file-1095.html	utf-8
my_file-1096.html	utf-8
my_file-1097.html	utf-8
my_file-1098.html	utf-8
my_file-1099.html	utf-8
my_file-11.html	utf-8
my_file-110.html	utf-8
my_file-1100.html	utf-8
my_file-1101.html	utf-8
my_file-1102.html	utf-8
my_file-1103.html	utf-8
my_file-1104.html	utf-8
my_file-1105.html	utf-8
my_file-1106.html	utf-8
my_file-1107.html	utf-8
my_file-1108.html	utf-8
my_file-1109.html	utf-8
my_file-111.html	utf-8
my_file-1110.html	utf-8
my_file-1111.html	utf-8
my_file-1112.html	utf-8
my_file-1113.html	utf-8
my_file-1114.html	utf-8
my_file-1115.html	utf-8
my_file-1116.html	utf-8
my_file-1117.html	utf-8
my_file-1118.html	utf-8
my_file-1119.html	utf-8
my_file-112.html	utf-8
my_file-1120.html	utf-8
my_file-1121.html	utf-8
my_file-1122.html	GB2312
my_file-1123.html	utf-8
my_file-1124.html	utf-8
my_file-1125.html	Big5
my_file-1126.html	GB2312
my_file-1127.html	utf-8
my_file-1128.html	utf-8
my_file-1129.html	utf-8
my_file-113.html	utf-8
my_file-1130.html	utf-8
my_file-1131.html	utf-8
my_file-1132.html	utf-8
my_file-1133.html	utf-8
my_file-1134.html	utf-8
my_file-1135.html	utf-8
my_file-1136.html	utf-8
my_file-1137.html	utf-8
my_file-1138.html	utf-8
my_file-1139.html	utf-8
my_file-114.html	utf-8
my_file-1140.html	utf-8
my_file-1141.html	utf-8
my_file-1142.html	utf-8
my_file-1143.html	utf-8
my_file-1144.html	utf-8
my_file-1145.html	utf-8
my_file-1146.html	utf-8
my_file-1147.html	GB2312
my_file-1148.html	utf-8
my_file-1149.html	utf-8
my_file-115.html	utf-8
my_file-1150.html	utf-8
my_file-1151.html	utf-8
my_file-1152.html	utf-8
my_file-1153.html	utf-8
my_file-1154.html	utf-8
my_file-1155.html	utf-8
my_file-1156.html	utf-8
my_file-1157.html	utf-8
my_file-1158.html	utf-8
my_file-1159.html	utf-8
my_file-116.html	utf-8
my_file-1160.html	utf-8
my_file-1161.html	utf-8
my_file-1162.html	utf-8
my_file-1163.html	utf-8
my_file-1164.html	utf-8
my_file-1165.html	utf-8
my_file-1166.html	Big5
my_file-1167.html	utf-8
my_file-1168.html	utf-8
my_file-1169.html	utf-8
my_file-117.html	utf-8
my_file-1170.html	utf-8
my_file-1171.html	utf-8
my_file-1172.html	utf-8
my_file-1173.html	utf-8
my_file-1174.html	utf-8
my_file-1175.html	utf-8
my_file-1176.html	utf-8
my_file-1177.html	utf-8
my_file-1178.html	utf-8
my_file-1179.html	utf-8
my_file-118.html	utf-8
my_file-1180.html	utf-8
my_file-1181.html	utf-8
my_file-1182.html	utf-8
my_file-1183.html	utf-8
my_file-1184.html	utf-8
my_file-1185.html	utf-8
my_file-1186.html	utf-8
my_file-1187.html	utf-8
my_file-1188.html	utf-8
my_file-1189.html	utf-8
my_file-119.html	utf-8
my_file-1190.html	utf-8
my_file-1191.html	utf-8
my_file-1192.html	utf-8
my_file-1193.html	utf-8
my_file-1194.html	utf-8
my_file-1195.html	utf-8
my_file-1196.html	utf-8
my_file-1197.html	utf-8
my_file-1198.html	utf-8
my_file-1199.html	utf-8
my_file-12.html	utf-8
my_file-120.html	utf-8
my_file-1200.html	utf-8
my_file-1201.html	utf-8
my_file-1202.html	utf-8
my_file-1203.html	utf-8
my_file-1204.html	utf-8
my_file-1205.html	utf-8
my_file-1206.html	utf-8
my_file-1207.html	utf-8
my_file-1208.html	utf-8
my_file-1209.html	utf-8
my_file-121.html	utf-8
my_file-1210.html	utf-8
my_file-1211.html	utf-8
my_file-1212.html	utf-8
my_file-1213.html	utf-8
my_file-1214.html	utf-8
my_file-1215.html	utf-8
my_file-1216.html	utf-8
my_file-1217.html	utf-8
my_file-1218.html	utf-8
my_file-1219.html	utf-8
my_file-122.html	utf-8
my_file-1220.html	utf-8
my_file-1221.html	utf-8
my_file-1222.html	utf-8
my_file-1223.html	utf-8
my_file-1224.html	utf-8
my_file-1225.html	utf-8
my_file-1226.html	utf-8
my_file-1227.html	utf-8
my_file-1228.html	utf-8
my_file-1229.html	utf-8
my_file-123.html	utf-8
my_file-1230.html	utf-8
my_file-1231.html	utf-8
my_file-1232.html	utf-8
my_file-1233.html	utf-8
my_file-1234.html	utf-8
my_file-1235.html	utf-8
my_file-1236.html	utf-8
my_file-1237.html	utf-8
my_file-1238.html	utf-8
my_file-1239.html	utf-8
my_file-124.html	utf-8
my_file-1240.html	utf-8
my_file-1241.html	utf-8
my_file-1242.html	utf-8
my_file-1243.html	utf-8
my_file-1244.html	utf-8
my_file-1245.html	utf-8
my_file-1246.html	utf-8
my_file-1247.html	utf-8
my_file-1248.html	utf-8
my_file-1249.html	utf-8
my_file-125.html	utf-8
my_file-1250.html	utf-8
my_file-1251.html	utf-8
my_file-1252.html	utf-8
my_file-1253.html	utf-8
my_file-1254.html	utf-8
my_file-1255.html	utf-8
my_file-1256.html	utf-8
my_file-1257.html	utf-8
my_file-1258.html	utf-8
my_file-1259.html	utf-8
my_file-126.html	utf-8
my_file-1260.html	utf-8
my_file-1261.html	utf-8
my_file-1262.html	utf-8
my_file-1263.html	utf-8
my_file-1264.html	utf-8
my_file-1265.html	utf-8
my_file-1266.html	utf-8
my_file-1267.html	utf-8
my_file-1268.html	utf-8
my_file-1269.html	utf-8
my_file-127.html	utf-8
my_file-1270.html	utf-8
my_file-1271.html	utf-8
my_file-1272.html	utf-8
my_file-1273.html	utf-8
my_file-1274.html	utf-8
my_file-1275.html	utf-8
my_file-1276.html	utf-8
my_file-1277.html	utf-8
my_file-1278.html	utf-8
my_file-1279.html	utf-8
my_file-128.html	Windows-1254
my_file-1280.html	utf-8
my_file-1281.html	utf-8
my_file-1282.html	utf-8
my_file-1283.html	utf-8
my_file-1284.html	utf-8
my_file-1285.html	utf-8
my_file-1286.html	utf-8
my_file-1287.html	utf-8
my_file-1288.html	utf-8
my_file-1289.html	utf-8
my_file-129.html	utf-8
my_file-1290.html	utf-8
my_file-1291.html	utf-8
my_file-1292.html	utf-8
my_file-1293.html	utf-8
my_file-1294.html	utf-8
my_file-1295.html	utf-8
my_file-1296.html	utf-8
my_file-1297.html	utf-8
my_file-1298.html	utf-8
my_file-1299.html	utf-8
my_file-13.html	utf-8
my_file-130.html	Windows-1254
my_file-1300.html	utf-8
my_file-1301.html	utf-8
my_file-1302.html	utf-8
my_file-1303.html	utf-8
my_file-1304.html	utf-8
my_file-1305.html	utf-8
my_file-1306.html	utf-8
my_file-1307.html	utf-8
my_file-1308.html	utf-8
my_file-1309.html	utf-8
my_file-131.html	utf-8
my_file-1310.html	utf-8
my_file-1311.html	utf-8
my_file-1312.html	utf-8
my_file-1313.html	utf-8
my_file-1314.html	utf-8
my_file-1315.html	utf-8
my_file-1316.html	utf-8
my_file-1317.html	utf-8
my_file-1318.html	utf-8
my_file-1319.html	utf-8
my_file-132.html	utf-8
my_file-1320.html	utf-8
my_file-1321.html	utf-8
my_file-1322.html	utf-8
my_file-1323.html	utf-8
my_file-1324.html	utf-8
my_file-1325.html	utf-8
my_file-1326.html	utf-8
my_file-1327.html	utf-8
my_file-1328.html	utf-8
my_file-1329.html	utf-8
my_file-133.html	utf-8
my_file-1330.html	utf-8
my_file-1331.html	utf-8
my_file-1332.html	utf-8
my_file-1333.html	utf-8
my_file-1334.html	utf-8
my_file-1335.html	utf-8
my_file-1336.html	utf-8
my_file-1337.html	utf-8
my_file-1338.html	utf-8
my_file-1339.html	utf-8
my_file-134.html	utf-8
my_file-1340.html	utf-8
my_file-1341.html	utf-8
my_file-1342.html	utf-8
my_file-1343.html	utf-8
my_file-1344.html	utf-8
my_file-1345.html	utf-8
my_file-1346.html	utf-8
my_file-1347.html	utf-8
my_file-1348.html	utf-8
my_file-1349.html	utf-8
my_file-135.html	utf-8
my_file-1350.html	utf-8
my_file-1351.html	utf-8
my_file-1352.html	utf-8
my_file-1353.html	utf-8
my_file-1354.html	utf-8
my_file-1355.html	utf-8
my_file-1356.html	utf-8
my_file-1357.html	utf-8
my_file-1358.html	utf-8
my_file-1359.html	utf-8
my_file-136.html	Windows-1254
my_file-1360.html	utf-8
my_file-1361.html	utf-8
my_file-1362.html	utf-8
my_file-1363.html	utf-8
my_file-1364.html	utf-8
my_file-1365.html	utf-8
my_file-1366.html	utf-8
my_file-1367.html	utf-8
my_file-1368.html	utf-8
my_file-1369.html	utf-8
my_file-137.html	utf-8
my_file-1370.html	utf-8
my_file-1371.html	utf-8
my_file-1372.html	utf-8
my_file-1373.html	utf-8
my_file-1374.html	utf-8
my_file-1375.html	utf-8
my_file-1376.html	utf-8
my_file-1377.html	utf-8
my_file-1378.html	utf-8
my_file-1379.html	utf-8
my_file-138.html	utf-8
my_file-1380.html	utf-8
my_file-1381.html	utf-8
my_file-1382.html	utf-8
my_file-1383.html	utf-8
my_file-1384.html	utf-8
my_file-1385.html	utf-8
my_file-1386.html	utf-8
my_file-1387.html	utf-8
my_file-1388.html	utf-8
my_file-1389.html	utf-8
my_file-139.html	utf-8
my_file-1390.html	utf-8
my_file-1391.html	utf-8
my_file-1392.html	utf-8
my_file-1393.html	utf-8
my_file-1394.html	utf-8
my_file-1395.html	utf-8
my_file-1396.html	utf-8
my_file-1397.html	utf-8
my_file-1398.html	utf-8
my_file-1399.html	utf-8
my_file-14.html	utf-8
my_file-140.html	utf-8
my_file-1400.html	utf-8
my_file-1401.html	utf-8
my_file-1402.html	utf-8
my_file-1403.html	utf-8
my_file-1404.html	utf-8
my_file-1405.html	utf-8
my_file-1406.html	utf-8
my_file-1407.html	utf-8
my_file-1408.html	utf-8
my_file-1409.html	utf-8
my_file-141.html	utf-8
my_file-1410.html	utf-8
my_file-1411.html	utf-8
my_file-1412.html	utf-8
my_file-1413.html	utf-8
my_file-1414.html	utf-8
my_file-1415.html	utf-8
my_file-1416.html	utf-8
my_file-1417.html	utf-8
my_file-1418.html	utf-8
my_file-1419.html	utf-8
my_file-142.html	utf-8
my_file-1420.html	utf-8
my_file-1421.html	utf-8
my_file-1422.html	utf-8
my_file-1423.html	utf-8
my_file-1424.html	utf-8
my_file-1425.html	utf-8
my_file-1426.html	utf-8
my_file-1427.html	utf-8
my_file-1428.html	utf-8
my_file-1429.html	utf-8
my_file-143.html	utf-8
my_file-1430.html	utf-8
my_file-1431.html	utf-8
my_file-1432.html	utf-8
my_file-1433.html	utf-8
my_file-1434.html	utf-8
my_file-1435.html	utf-8
my_file-1436.html	utf-8
my_file-1437.html	utf-8
my_file-1438.html	utf-8
my_file-1439.html	utf-8
my_file-144.html	utf-8
my_file-1440.html	utf-8
my_file-1441.html	utf-8
my_file-1442.html	utf-8
my_file-1443.html	utf-8
my_file-1444.html	utf-8
my_file-1445.html	utf-8
my_file-1446.html	utf-8
my_file-1447.html	utf-8
my_file-1448.html	utf-8
my_file-1449.html	utf-8
my_file-145.html	Windows-1254
my_file-1450.html	utf-8
my_file-1451.html	utf-8
my_file-1452.html	utf-8
my_file-1453.html	utf-8
my_file-1454.html	utf-8
my_file-1455.html	utf-8
my_file-1456.html	utf-8
my_file-1457.html	utf-8
my_file-1458.html	utf-8
my_file-1459.html	utf-8
my_file-146.html	utf-8
my_file-1460.html	utf-8
my_file-1461.html	utf-8
my_file-1462.html	utf-8
my_file-1463.html	utf-8
my_file-1464.html	utf-8
my_file-1465.html	utf-8
my_file-1466.html	utf-8
my_file-1467.html	utf-8
my_file-1468.html	utf-8
my_file-1469.html	utf-8
my_file-147.html	utf-8
my_file-1470.html	utf-8
my_file-1471.html	utf-8
my_file-1472.html	utf-8
my_file-1473.html	utf-8
my_file-1474.html	utf-8
my_file-1475.html	utf-8
my_file-1476.html	utf-8
my_file-1477.html	utf-8
my_file-1478.html	utf-8
my_file-1479.html	utf-8
my_file-148.html	utf-8
my_file-1480.html	utf-8
my_file-1481.html	utf-8
my_file-1482.html	utf-8
my_file-1483.html	utf-8
my_file-1484.html	utf-8
my_file-1485.html	utf-8
my_file-1486.html	utf-8
my_file-1487.html	utf-8
my_file-1488.html	utf-8
my_file-1489.html	utf-8
my_file-149.html	utf-8
my_file-1490.html	utf-8
my_file-1491.html	utf-8
my_file-1492.html	utf-8
my_file-1493.html	utf-8
my_file-1494.html	utf-8
my_file-1495.html	utf-8
my_file-1496.html	utf-8
my_file-1497.html	utf-8
my_file-1498.html	utf-8
my_file-1499.html	utf-8
my_file-15.html	utf-8
my_file-150.html	utf-8
my_file-1500.html	utf-8
my_file-1501.html	utf-8
my_file-1502.html	utf-8
my_file-1503.html	utf-8
my_file-1504.html	utf-8
my_file-1505.html	utf-8
my_file-1506.html	utf-8
my_file-1507.html	utf-8
my_file-1508.html	utf-8
my_file-1509.html	utf-8
my_file-151.html	utf-8
my_file-1510.html	utf-8
my_file-1511.html	utf-8
my_file-1512.html	utf-8
my_file-1513.html	utf-8
my_file-1514.html	utf-8
my_file-1515.html	utf-8
my_file-1516.html	utf-8
my_file-1517.html	utf-8
my_file-1518.html	utf-8
my_file-1519.html	utf-8
my_file-152.html	utf-8
my_file-1520.html	utf-8
my_file-1521.html	utf-8
my_file-1522.html	utf-8
my_file-1523.html	utf-8
my_file-1524.html	utf-8
my_file-1525.html	utf-8
my_file-1526.html	utf-8
my_file-1527.html	utf-8
my_file-1528.html	utf-8
my_file-1529.html	utf-8
my_file-153.html	utf-8
my_file-1530.html	utf-8
my_file-1531.html	utf-8
my_file-1532.html	utf-8
my_file-1533.html	utf-8
my_file-1534.html	utf-8
my_file-1535.html	utf-8
my_file-1536.html	utf-8
my_file-1537.html	utf-8
my_file-1538.html	utf-8
my_file-1539.html	utf-8
my_file-154.html	utf-8
my_file-1540.html	utf-8
my_file-1541.html	utf-8
my_file-1542.html	utf-8
my_file-1543.html	utf-8
my_file-1544.html	utf-8
my_file-1545.html	utf-8
my_file-1546.html	utf-8
my_file-1547.html	utf-8
my_file-1548.html	utf-8
my_file-1549.html	utf-8
my_file-155.html	utf-8
my_file-1550.html	utf-8
my_file-1551.html	utf-8
my_file-1552.html	utf-8
my_file-1553.html	utf-8
my_file-1554.html	utf-8
my_file-1555.html	utf-8
my_file-1556.html	utf-8
my_file-1557.html	utf-8
my_file-1558.html	utf-8
my_file-1559.html	utf-8
my_file-156.html	utf-8
my_file-1560.html	utf-8
my_file-1561.html	utf-8
my_file-1562.html	utf-8
my_file-1563.html	utf-8
my_file-1564.html	utf-8
my_file-1565.html	utf-8
my_file-1566.html	utf-8
my_file-1567.html	utf-8
my_file-1568.html	utf-8
my_file-1569.html	utf-8
my_file-157.html	utf-8
my_file-1570.html	utf-8
my_file-1571.html	utf-8
my_file-1572.html	utf-8
my_file-1573.html	utf-8
my_file-1574.html	utf-8
my_file-1575.html	utf-8
my_file-1576.html	utf-8
my_file-1577.html	utf-8
my_file-1578.html	utf-8
my_file-1579.html	utf-8
my_file-158.html	utf-8
my_file-1580.html	utf-8
my_file-1581.html	utf-8
my_file-1582.html	utf-8
my_file-1583.html	utf-8
my_file-1584.html	utf-8
my_file-1585.html	utf-8
my_file-1586.html	utf-8
my_file-1587.html	utf-8
my_file-1588.html	utf-8
my_file-1589.html	utf-8
my_file-159.html	utf-8
my_file-1590.html	utf-8
my_file-1591.html	utf-8
my_file-1592.html	utf-8
my_file-1593.html	utf-8
my_file-1594.html	utf-8
my_file-1595.html	utf-8
my_file-1596.html	utf-8
my_file-1597.html	utf-8
my_file-1598.html	utf-8
my_file-1599.html	utf-8
my_file-16.html	utf-8
my_file-160.html	utf-8
my_file-1600.html	utf-8
my_file-1601.html	utf-8
my_file-1602.html	utf-8
my_file-1603.html	utf-8
my_file-1604.html	utf-8
my_file-1605.html	utf-8
my_file-1606.html	utf-8
my_file-1607.html	utf-8
my_file-1608.html	utf-8
my_file-1609.html	utf-8
my_file-161.html	utf-8
my_file-1610.html	utf-8
my_file-1611.html	utf-8
my_file-1612.html	utf-8
my_file-1613.html	utf-8
my_file-1614.html	utf-8
my_file-1615.html	utf-8
my_file-1616.html	utf-8
my_file-1617.html	utf-8
my_file-1618.html	utf-8
my_file-1619.html	utf-8
my_file-162.html	utf-8
my_file-1620.html	utf-8
my_file-1621.html	utf-8
my_file-1622.html	utf-8
my_file-1623.html	utf-8
my_file-1624.html	utf-8
my_file-1625.html	utf-8
my_file-1626.html	utf-8
my_file-1627.html	utf-8
my_file-1628.html	utf-8
my_file-1629.html	utf-8
my_file-163.html	utf-8
my_file-1630.html	utf-8
my_file-1631.html	utf-8
my_file-1632.html	utf-8
my_file-1633.html	utf-8
my_file-1634.html	utf-8
my_file-1635.html	utf-8
my_file-1636.html	utf-8
my_file-1637.html	utf-8
my_file-1638.html	utf-8
my_file-1639.html	utf-8
my_file-164.html	utf-8
my_file-1640.html	utf-8
my_file-1641.html	utf-8
my_file-1642.html	utf-8
my_file-1643.html	utf-8
my_file-1644.html	utf-8
my_file-1645.html	utf-8
my_file-1646.html	utf-8
my_file-1647.html	utf-8
my_file-1648.html	utf-8
my_file-1649.html	utf-8
my_file-165.html	utf-8
my_file-1650.html	utf-8
my_file-1651.html	utf-8
my_file-1652.html	utf-8
my_file-1653.html	utf-8
my_file-1654.html	utf-8
my_file-1655.html	utf-8
my_file-1656.html	utf-8
my_file-1657.html	utf-8
my_file-1658.html	utf-8
my_file-1659.html	utf-8
my_file-166.html	utf-8
my_file-1660.html	utf-8
my_file-1661.html	utf-8
my_file-1662.html	utf-8
my_file-1663.html	utf-8
my_file-1664.html	utf-8
my_file-1665.html	utf-8
my_file-1666.html	utf-8
my_file-1667.html	utf-8
my_file-1668.html	utf-8
my_file-1669.html	utf-8
my_file-167.html	utf-8
my_file-1670.html	utf-8
my_file-1671.html	utf-8
my_file-1672.html	utf-8
my_file-1673.html	utf-8
my_file-1674.html	utf-8
my_file-1675.html	utf-8
my_file-1676.html	utf-8
my_file-1677.html	utf-8
my_file-1678.html	utf-8
my_file-1679.html	utf-8
my_file-168.html	utf-8
my_file-1680.html	utf-8
my_file-1681.html	utf-8
my_file-1682.html	utf-8
my_file-1683.html	utf-8
my_file-1684.html	utf-8
my_file-1685.html	utf-8
my_file-1686.html	utf-8
my_file-1687.html	utf-8
my_file-1688.html	utf-8
my_file-1689.html	utf-8
my_file-169.html	utf-8
my_file-1690.html	utf-8
my_file-1691.html	utf-8
my_file-1692.html	utf-8
my_file-1693.html	utf-8
my_file-1694.html	utf-8
my_file-1695.html	utf-8
my_file-1696.html	utf-8
my_file-1697.html	utf-8
my_file-1698.html	utf-8
my_file-1699.html	utf-8
my_file-17.html	utf-8
my_file-170.html	utf-8
my_file-1700.html	utf-8
my_file-1701.html	utf-8
my_file-1702.html	utf-8
my_file-1703.html	utf-8
my_file-1704.html	utf-8
my_file-1705.html	utf-8
my_file-1706.html	utf-8
my_file-1707.html	utf-8
my_file-1708.html	utf-8
my_file-1709.html	utf-8
my_file-171.html	utf-8
my_file-1710.html	utf-8
my_file-1711.html	utf-8
my_file-1712.html	utf-8
my_file-1713.html	utf-8
my_file-1714.html	utf-8
my_file-1715.html	utf-8
my_file-1716.html	utf-8
my_file-1717.html	utf-8
my_file-1718.html	utf-8
my_file-1719.html	utf-8
my_file-172.html	utf-8
my_file-1720.html	utf-8
my_file-1721.html	utf-8
my_file-1722.html	utf-8
my_file-1723.html	utf-8
my_file-1724.html	utf-8
my_file-1725.html	utf-8
my_file-1726.html	utf-8
my_file-1727.html	utf-8
my_file-1728.html	utf-8
my_file-1729.html	utf-8
my_file-173.html	utf-8
my_file-1730.html	utf-8
my_file-1731.html	utf-8
my_file-1732.html	utf-8
my_file-1733.html	utf-8
my_file-1734.html	utf-8
my_file-1735.html	utf-8
my_file-1736.html	utf-8
my_file-1737.html	utf-8
my_file-1738.html	utf-8
my_file-1739.html	utf-8
my_file-174.html	utf-8
my_file-1740.html	utf-8
my_file-1741.html	utf-8
my_file-1742.html	utf-8
my_file-1743.html	utf-8
my_file-1744.html	utf-8
my_file-1745.html	utf-8
my_file-1746.html	utf-8
my_file-1747.html	utf-8
my_file-1748.html	utf-8
my_file-1749.html	utf-8
my_file-175.html	utf-8
my_file-1750.html	utf-8
my_file-1751.html	utf-8
my_file-1752.html	utf-8
my_file-1753.html	utf-8
my_file-1754.html	utf-8
my_file-1755.html	utf-8
my_file-1756.html	utf-8
my_file-1757.html	utf-8
my_file-1758.html	utf-8
my_file-1759.html	utf-8
my_file-176.html	utf-8
my_file-1760.html	utf-8
my_file-1761.html	utf-8
my_file-1762.html	utf-8
my_file-1763.html	utf-8
my_file-1764.html	utf-8
my_file-1765.html	utf-8
my_file-1766.html	utf-8
my_file-1767.html	utf-8
my_file-1768.html	utf-8
my_file-1769.html	utf-8
my_file-177.html	utf-8
my_file-1770.html	utf-8
my_file-1771.html	utf-8
my_file-1772.html	utf-8
my_file-1773.html	utf-8
my_file-1774.html	utf-8
my_file-1775.html	utf-8
my_file-1776.html	utf-8
my_file-1777.html	utf-8
my_file-1778.html	utf-8
my_file-1779.html	utf-8
my_file-178.html	utf-8
my_file-1780.html	utf-8
my_file-1781.html	utf-8
my_file-1782.html	utf-8
my_file-1783.html	utf-8
my_file-1784.html	utf-8
my_file-1785.html	utf-8
my_file-1786.html	utf-8
my_file-1787.html	utf-8
my_file-1788.html	utf-8
my_file-1789.html	utf-8
my_file-179.html	utf-8
my_file-1790.html	utf-8
my_file-1791.html	utf-8
my_file-1792.html	utf-8
my_file-1793.html	utf-8
my_file-1794.html	utf-8
my_file-1795.html	utf-8
my_file-1796.html	utf-8
my_file-1797.html	utf-8
my_file-1798.html	utf-8
my_file-1799.html	utf-8
my_file-18.html	utf-8
my_file-180.html	utf-8
my_file-1800.html	utf-8
my_file-1801.html	utf-8
my_file-1802.html	utf-8
my_file-1803.html	utf-8
my_file-1804.html	utf-8
my_file-1805.html	utf-8
my_file-1806.html	utf-8
my_file-1807.html	utf-8
my_file-1808.html	utf-8
my_file-1809.html	utf-8
my_file-181.html	utf-8
my_file-1810.html	utf-8
my_file-1811.html	utf-8
my_file-1812.html	utf-8
my_file-1813.html	utf-8
my_file-1814.html	utf-8
my_file-1815.html	utf-8
my_file-1816.html	utf-8
my_file-1817.html	utf-8
my_file-1818.html	utf-8
my_file-1819.html	utf-8
my_file-182.html	utf-8
my_file-1820.html	utf-8
my_file-1821.html	utf-8
my_file-1822.html	utf-8
my_file-1823.html	utf-8
my_file-1824.html	utf-8
my_file-1825.html	utf-8
my_file-1826.html	utf-8
my_file-1827.html	utf-8
my_file-1828.html	utf-8
my_file-1829.html	utf-8
my_file-183.html	Big5
my_file-1830.html	utf-8
my_file-1831.html	utf-8
my_file-1832.html	utf-8
my_file-1833.html	utf-8
my_file-1834.html	utf-8
my_file-1835.html	utf-8
my_file-1836.html	utf-8
my_file-1837.html	utf-8
my_file-1838.html	utf-8
my_file-1839.html	utf-8
my_file-184.html	utf-8
my_file-1840.html	utf-8
my_file-1841.html	utf-8
my_file-1842.html	utf-8
my_file-1843.html	utf-8
my_file-1844.html	utf-8
my_file-1845.html	utf-8
my_file-1846.html	utf-8
my_file-1847.html	utf-8
my_file-1848.html	utf-8
my_file-1849.html	utf-8
my_file-185.html	utf-8
my_file-1850.html	utf-8
my_file-1851.html	utf-8
my_file-1852.html	utf-8
my_file-1853.html	utf-8
my_file-1854.html	utf-8
my_file-1855.html	utf-8
my_file-1856.html	utf-8
my_file-1857.html	utf-8
my_file-1858.html	utf-8
my_file-1859.html	utf-8
my_file-186.html	utf-8
my_file-1860.html	utf-8
my_file-1861.html	utf-8
my_file-1862.html	utf-8
my_file-1863.html	utf-8
my_file-1864.html	utf-8
my_file-1865.html	utf-8
my_file-1866.html	utf-8
my_file-1867.html	utf-8
my_file-1868.html	utf-8
my_file-1869.html	utf-8
my_file-187.html	utf-8
my_file-1870.html	utf-8
my_file-1871.html	utf-8
my_file-1872.html	utf-8
my_file-1873.html	utf-8
my_file-1874.html	utf-8
my_file-1875.html	utf-8
my_file-1876.html	utf-8
my_file-1877.html	utf-8
my_file-1878.html	utf-8
my_file-1879.html	utf-8
my_file-188.html	utf-8
my_file-1880.html	utf-8
my_file-1881.html	utf-8
my_file-1882.html	utf-8
my_file-1883.html	utf-8
my_file-1884.html	utf-8
my_file-1885.html	utf-8
my_file-1886.html	utf-8
my_file-1887.html	utf-8
my_file-1888.html	utf-8
my_file-1889.html	utf-8
my_file-189.html	utf-8
my_file-1890.html	utf-8
my_file-1891.html	utf-8
my_file-1892.html	utf-8
my_file-1893.html	utf-8
my_file-1894.html	utf-8
my_file-1895.html	utf-8
my_file-1896.html	utf-8
my_file-1897.html	utf-8
my_file-1898.html	utf-8
my_file-1899.html	utf-8
my_file-19.html	utf-8
my_file-190.html	utf-8
my_file-1900.html	utf-8
my_file-1901.html	utf-8
my_file-1902.html	utf-8
my_file-1903.html	utf-8
my_file-1904.html	utf-8
my_file-1905.html	utf-8
my_file-1906.html	utf-8
my_file-1907.html	utf-8
my_file-1908.html	utf-8
my_file-1909.html	utf-8
my_file-191.html	utf-8
my_file-1910.html	utf-8
my_file-1911.html	utf-8
my_file-1912.html	utf-8
my_file-1913.html	utf-8
my_file-1914.html	utf-8
my_file-1915.html	utf-8
my_file-1916.html	utf-8
my_file-1917.html	utf-8
my_file-1918.html	utf-8
my_file-1919.html	utf-8
my_file-192.html	utf-8
my_file-1920.html	utf-8
my_file-1921.html	utf-8
my_file-1922.html	utf-8
my_file-1923.html	utf-8
my_file-1924.html	utf-8
my_file-1925.html	utf-8
my_file-1926.html	utf-8
my_file-1927.html	utf-8
my_file-1928.html	utf-8
my_file-1929.html	utf-8
my_file-193.html	utf-8
my_file-1930.html	utf-8
my_file-1931.html	utf-8
my_file-1932.html	utf-8
my_file-1933.html	utf-8
my_file-1934.html	utf-8
my_file-1935.html	utf-8
my_file-1936.html	utf-8
my_file-1937.html	utf-8
my_file-1938.html	utf-8
my_file-1939.html	utf-8
my_file-194.html	utf-8
my_file-1940.html	utf-8
my_file-1941.html	utf-8
my_file-1942.html	utf-8
my_file-1943.html	utf-8
my_file-1944.html	utf-8
my_file-1945.html	utf-8
my_file-1946.html	utf-8
my_file-1947.html	utf-8
my_file-1948.html	utf-8
my_file-1949.html	utf-8
my_file-195.html	utf-8
my_file-1950.html	utf-8
my_file-1951.html	utf-8
my_file-1952.html	utf-8
my_file-1953.html	utf-8
my_file-1954.html	utf-8
my_file-1955.html	utf-8
my_file-1956.html	utf-8
my_file-1957.html	utf-8
my_file-1958.html	utf-8
my_file-1959.html	utf-8
my_file-196.html	utf-8
my_file-1960.html	utf-8
my_file-1961.html	utf-8
my_file-1962.html	utf-8
my_file-1963.html	utf-8
my_file-1964.html	utf-8
my_file-1965.html	utf-8
my_file-1966.html	utf-8
my_file-1967.html	utf-8
my_file-1968.html	utf-8
my_file-1969.html	utf-8
my_file-197.html	utf-8
my_file-1970.html	utf-8
my_file-1971.html	utf-8
my_file-1972.html	utf-8
my_file-1973.html	utf-8
my_file-1974.html	utf-8
my_file-1975.html	utf-8
my_file-1976.html	utf-8
my_file-1977.html	utf-8
my_file-1978.html	utf-8
my_file-1979.html	utf-8
my_file-198.html	utf-8
my_file-1980.html	utf-8
my_file-1981.html	utf-8
my_file-1982.html	utf-8
my_file-1983.html	utf-8
my_file-1984.html	utf-8
my_file-1985.html	utf-8
my_file-1986.html	utf-8
my_file-1987.html	utf-8
my_file-1988.html	utf-8
my_file-1989.html	utf-8
my_file-199.html	utf-8
my_file-1990.html	utf-8
my_file-1991.html	utf-8
my_file-1992.html	utf-8
my_file-1993.html	utf-8
my_file-1994.html	utf-8
my_file-1995.html	utf-8
my_file-1996.html	utf-8
my_file-1997.html	utf-8
my_file-1998.html	utf-8
my_file-1999.html	utf-8
my_file-2.html	utf-8
my_file-20.html	utf-8
my_file-200.html	utf-8
my_file-2000.html	utf-8
my_file-2001.html	utf-8
my_file-2002.html	utf-8
my_file-2003.html	utf-8
my_file-2004.html	utf-8
my_file-2005.html	utf-8
my_file-2006.html	utf-8
my_file-2007.html	utf-8
my_file-2008.html	utf-8
my_file-2009.html	utf-8
my_file-201.html	utf-8
my_file-2010.html	utf-8
my_file-2011.html	utf-8
my_file-2012.html	utf-8
my_file-2013.html	utf-8
my_file-2014.html	utf-8
my_file-2015.html	utf-8
my_file-2016.html	utf-8
my_file-2017.html	utf-8
my_file-2018.html	utf-8
my_file-2019.html	utf-8
my_file-202.html	utf-8
my_file-2020.html	utf-8
my_file-2021.html	utf-8
my_file-2022.html	utf-8
my_file-2023.html	utf-8
my_file-2024.html	utf-8
my_file-2025.html	utf-8
my_file-2026.html	utf-8
my_file-2027.html	utf-8
my_file-2028.html	utf-8
my_file-2029.html	utf-8
my_file-203.html	utf-8
my_file-2030.html	utf-8
my_file-2031.html	utf-8
my_file-2032.html	utf-8
my_file-2033.html	utf-8
my_file-2034.html	utf-8
my_file-2035.html	utf-8
my_file-2036.html	utf-8
my_file-2037.html	utf-8
my_file-2038.html	utf-8
my_file-2039.html	utf-8
my_file-204.html	utf-8
my_file-2040.html	utf-8
my_file-2041.html	utf-8
my_file-2042.html	utf-8
my_file-2043.html	utf-8
my_file-2044.html	utf-8
my_file-2045.html	utf-8
my_file-2046.html	utf-8
my_file-2047.html	utf-8
my_file-2048.html	utf-8
my_file-2049.html	utf-8
my_file-205.html	utf-8
my_file-2050.html	utf-8
my_file-2051.html	utf-8
my_file-2052.html	utf-8
my_file-2053.html	utf-8
my_file-2054.html	utf-8
my_file-2055.html	utf-8
my_file-2056.html	utf-8
my_file-2057.html	utf-8
my_file-2058.html	utf-8
my_file-2059.html	utf-8
my_file-206.html	utf-8
my_file-2060.html	utf-8
my_file-2061.html	utf-8
my_file-2062.html	utf-8
my_file-2063.html	utf-8
my_file-2064.html	utf-8
my_file-2065.html	utf-8
my_file-2066.html	utf-8
my_file-2067.html	utf-8
my_file-2068.html	utf-8
my_file-2069.html	utf-8
my_file-207.html	utf-8
my_file-2070.html	utf-8
my_file-2071.html	utf-8
my_file-2072.html	utf-8
my_file-2073.html	utf-8
my_file-2074.html	utf-8
my_file-2075.html	utf-8
my_file-2076.html	utf-8
my_file-2077.html	utf-8
my_file-2078.html	utf-8
my_file-2079.html	utf-8
my_file-208.html	utf-8
my_file-2080.html	utf-8
my_file-2081.html	utf-8
my_file-2082.html	utf-8
my_file-2083.html	utf-8
my_file-2084.html	utf-8
my_file-2085.html	utf-8
my_file-2086.html	utf-8
my_file-2087.html	utf-8
my_file-2088.html	utf-8
my_file-2089.html	utf-8
my_file-209.html	utf-8
my_file-2090.html	utf-8
my_file-2091.html	utf-8
my_file-2092.html	utf-8
my_file-2093.html	utf-8
my_file-2094.html	utf-8
my_file-2095.html	utf-8
my_file-2096.html	utf-8
my_file-2097.html	utf-8
my_file-2098.html	utf-8
my_file-2099.html	utf-8
my_file-21.html	utf-8
my_file-210.html	utf-8
my_file-2100.html	utf-8
my_file-2101.html	utf-8
my_file-2102.html	utf-8
my_file-2103.html	utf-8
my_file-2104.html	utf-8
my_file-2105.html	utf-8
my_file-2106.html	utf-8
my_file-2107.html	utf-8
my_file-2108.html	utf-8
my_file-2109.html	utf-8
my_file-211.html	utf-8
my_file-2110.html	utf-8
my_file-2111.html	utf-8
my_file-2112.html	utf-8
my_file-2113.html	utf-8
my_file-2114.html	utf-8
my_file-2115.html	utf-8
my_file-2116.html	utf-8
my_file-2117.html	utf-8
my_file-2118.html	utf-8
my_file-2119.html	utf-8
my_file-212.html	utf-8
my_file-2120.html	utf-8
my_file-2121.html	utf-8
my_file-2122.html	utf-8
my_file-2123.html	utf-8
my_file-2124.html	utf-8
my_file-2125.html	utf-8
my_file-2126.html	utf-8
my_file-2127.html	utf-8
my_file-2128.html	utf-8
my_file-2129.html	utf-8
my_file-213.html	utf-8
my_file-2130.html	utf-8
my_file-2131.html	utf-8
my_file-2132.html	utf-8
my_file-2133.html	utf-8
my_file-2134.html	utf-8
my_file-2135.html	utf-8
my_file-2136.html	utf-8
my_file-2137.html	utf-8
my_file-2138.html	utf-8
my_file-2139.html	utf-8
my_file-214.html	utf-8
my_file-2140.html	utf-8
my_file-2141.html	utf-8
my_file-2142.html	utf-8
my_file-2143.html	utf-8
my_file-2144.html	utf-8
my_file-2145.html	utf-8
my_file-2146.html	utf-8
my_file-2147.html	utf-8
my_file-2148.html	utf-8
my_file-2149.html	utf-8
my_file-215.html	utf-8
my_file-2150.html	utf-8
my_file-2151.html	utf-8
my_file-2152.html	utf-8
my_file-2153.html	utf-8
my_file-2154.html	utf-8
my_file-2155.html	utf-8
my_file-2156.html	utf-8
my_file-2157.html	utf-8
my_file-2158.html	utf-8
my_file-2159.html	utf-8
my_file-216.html	utf-8
my_file-2160.html	utf-8
my_file-2161.html	utf-8
my_file-2162.html	utf-8
my_file-2163.html	utf-8
my_file-2164.html	utf-8
my_file-2165.html	utf-8
my_file-2166.html	utf-8
my_file-2167.html	utf-8
my_file-2168.html	utf-8
my_file-2169.html	utf-8
my_file-217.html	utf-8
my_file-2170.html	utf-8
my_file-2171.html	utf-8
my_file-2172.html	utf-8
my_file-2173.html	utf-8
my_file-2174.html	utf-8
my_file-2175.html	utf-8
my_file-2176.html	utf-8
my_file-2177.html	utf-8
my_file-2178.html	utf-8
my_file-2179.html	utf-8
my_file-218.html	utf-8
my_file-2180.html	utf-8
my_file-2181.html	utf-8
my_file-2182.html	utf-8
my_file-2183.html	utf-8
my_file-2184.html	utf-8
my_file-2185.html	utf-8
my_file-2186.html	utf-8
my_file-2187.html	utf-8
my_file-2188.html	utf-8
my_file-2189.html	utf-8
my_file-219.html	utf-8
my_file-2190.html	utf-8
my_file-2191.html	utf-8
my_file-2192.html	utf-8
my_file-2193.html	utf-8
my_file-2194.html	utf-8
my_file-2195.html	utf-8
my_file-2196.html	utf-8
my_file-2197.html	utf-8
my_file-2198.html	utf-8
my_file-2199.html	utf-8
my_file-22.html	utf-8
my_file-220.html	utf-8
my_file-2200.html	utf-8
my_file-2201.html	utf-8
my_file-2202.html	utf-8
my_file-2203.html	utf-8
my_file-2204.html	utf-8
my_file-2205.html	utf-8
my_file-2206.html	utf-8
my_file-2207.html	utf-8
my_file-2208.html	utf-8
my_file-2209.html	utf-8
my_file-221.html	utf-8
my_file-2210.html	utf-8
my_file-2211.html	utf-8
my_file-2212.html	utf-8
my_file-2213.html	utf-8
my_file-2214.html	utf-8
my_file-2215.html	utf-8
my_file-2216.html	utf-8
my_file-2217.html	utf-8
my_file-2218.html	utf-8
my_file-2219.html	utf-8
my_file-222.html	utf-8
my_file-2220.html	utf-8
my_file-2221.html	utf-8
my_file-2222.html	utf-8
my_file-2223.html	utf-8
my_file-2224.html	utf-8
my_file-2225.html	utf-8
my_file-2226.html	utf-8
my_file-2227.html	utf-8
my_file-2228.html	utf-8
my_file-2229.html	utf-8
my_file-223.html	utf-8
my_file-2230.html	utf-8
my_file-2231.html	utf-8
my_file-2232.html	utf-8
my_file-2233.html	utf-8
my_file-2234.html	utf-8
my_file-2235.html	utf-8
my_file-2236.html	utf-8
my_file-2237.html	utf-8
my_file-2238.html	utf-8
my_file-2239.html	utf-8
my_file-224.html	utf-8
my_file-2240.html	utf-8
my_file-2241.html	utf-8
my_file-2242.html	utf-8
my_file-2243.html	utf-8
my_file-2244.html	utf-8
my_file-2245.html	utf-8
my_file-2246.html	utf-8
my_file-2247.html	utf-8
my_file-2248.html	utf-8
my_file-2249.html	utf-8
my_file-225.html	utf-8
my_file-2250.html	utf-8
my_file-2251.html	utf-8
my_file-2252.html	utf-8
my_file-2253.html	utf-8
my_file-2254.html	utf-8
my_file-2255.html	utf-8
my_file-2256.html	utf-8
my_file-2257.html	utf-8
my_file-2258.html	utf-8
my_file-2259.html	utf-8
my_file-226.html	utf-8
my_file-2260.html	utf-8
my_file-2261.html	utf-8
my_file-2262.html	utf-8
my_file-2263.html	utf-8
my_file-2264.html	utf-8
my_file-2265.html	utf-8
my_file-2266.html	utf-8
my_file-2267.html	utf-8
my_file-2268.html	utf-8
my_file-2269.html	utf-8
my_file-227.html	utf-8
my_file-2270.html	utf-8
my_file-2271.html	utf-8
my_file-2272.html	utf-8
my_file-2273.html	utf-8
my_file-2274.html	utf-8
my_file-2275.html	utf-8
my_file-2276.html	utf-8
my_file-2277.html	utf-8
my_file-2278.html	utf-8
my_file-2279.html	utf-8
my_file-228.html	utf-8
my_file-2280.html	utf-8
my_file-2281.html	utf-8
my_file-2282.html	utf-8
my_file-2283.html	utf-8
my_file-2284.html	utf-8
my_file-2285.html	utf-8
my_file-2286.html	utf-8
my_file-2287.html	utf-8
my_file-2288.html	utf-8
my_file-2289.html	utf-8
my_file-229.html	utf-8
my_file-2290.html	utf-8
my_file-2291.html	utf-8
my_file-2292.html	utf-8
my_file-2293.html	utf-8
my_file-2294.html	utf-8
my_file-2295.html	utf-8
my_file-2296.html	utf-8
my_file-2297.html	utf-8
my_file-2298.html	utf-8
my_file-2299.html	utf-8
my_file-23.html	utf-8
my_file-230.html	utf-8
my_file-2300.html	utf-8
my_file-2301.html	utf-8
my_file-2302.html	utf-8
my_file-2303.html	utf-8
my_file-2304.html	utf-8
my_file-2305.html	utf-8
my_file-2306.html	utf-8
my_file-2307.html	utf-8
my_file-2308.html	utf-8
my_file-2309.html	utf-8
my_file-231.html	utf-8
my_file-2310.html	utf-8
my_file-2311.html	utf-8
my_file-2312.html	utf-8
my_file-2313.html	utf-8
my_file-2314.html	utf-8
my_file-2315.html	utf-8
my_file-2316.html	utf-8
my_file-2317.html	utf-8
my_file-2318.html	utf-8
my_file-2319.html	utf-8
my_file-232.html	utf-8
my_file-2320.html	utf-8
my_file-2321.html	utf-8
my_file-2322.html	utf-8
my_file-2323.html	utf-8
my_file-2324.html	utf-8
my_file-2325.html	utf-8
my_file-2326.html	utf-8
my_file-2327.html	utf-8
my_file-2328.html	utf-8
my_file-2329.html	utf-8
my_file-233.html	utf-8
my_file-2330.html	utf-8
my_file-2331.html	utf-8
my_file-2332.html	utf-8
my_file-2333.html	utf-8
my_file-2334.html	utf-8
my_file-2335.html	utf-8
my_file-2336.html	utf-8
my_file-2337.html	utf-8
my_file-2338.html	utf-8
my_file-2339.html	utf-8
my_file-234.html	utf-8
my_file-2340.html	utf-8
my_file-2341.html	utf-8
my_file-2342.html	utf-8
my_file-2343.html	utf-8
my_file-2344.html	utf-8
my_file-2345.html	utf-8
my_file-2346.html	utf-8
my_file-2347.html	utf-8
my_file-2348.html	utf-8
my_file-2349.html	utf-8
my_file-235.html	utf-8
my_file-2350.html	utf-8
my_file-2351.html	utf-8
my_file-2352.html	utf-8
my_file-2353.html	utf-8
my_file-2354.html	utf-8
my_file-2355.html	utf-8
my_file-2356.html	utf-8
my_file-2357.html	utf-8
my_file-2358.html	utf-8
my_file-2359.html	utf-8
my_file-236.html	utf-8
my_file-2360.html	utf-8
my_file-2361.html	utf-8
my_file-2362.html	utf-8
my_file-2363.html	utf-8
my_file-2364.html	utf-8
my_file-2365.html	utf-8
my_file-2366.html	utf-8
my_file-2367.html	utf-8
my_file-2368.html	utf-8
my_file-2369.html	utf-8
my_file-237.html	utf-8
my_file-2370.html	utf-8
my_file-2371.html	utf-8
my_file-2372.html	utf-8
my_file-2373.html	utf-8
my_file-2374.html	utf-8
my_file-2375.html	utf-8
my_file-2376.html	utf-8
my_file-2377.html	utf-8
my_file-2378.html	utf-8
my_file-2379.html	utf-8
my_file-238.html	utf-8
my_file-2380.html	utf-8
my_file-2381.html	utf-8
my_file-2382.html	utf-8
my_file-2383.html	utf-8
my_file-2384.html	utf-8
my_file-2385.html	utf-8
my_file-2386.html	utf-8
my_file-2387.html	utf-8
my_file-2388.html	utf-8
my_file-2389.html	utf-8
my_file-239.html	utf-8
my_file-2390.html	utf-8
my_file-2391.html	utf-8
my_file-2392.html	utf-8
my_file-2393.html	utf-8
my_file-2394.html	utf-8
my_file-2395.html	utf-8
my_file-2396.html	utf-8
my_file-2397.html	utf-8
my_file-2398.html	utf-8
my_file-2399.html	utf-8
my_file-24.html	utf-8
my_file-240.html	utf-8
my_file-2400.html	utf-8
my_file-2401.html	utf-8
my_file-2402.html	utf-8
my_file-2403.html	utf-8
my_file-2404.html	utf-8
my_file-2405.html	utf-8
my_file-2406.html	utf-8
my_file-2407.html	utf-8
my_file-2408.html	utf-8
my_file-2409.html	utf-8
my_file-241.html	utf-8
my_file-2410.html	utf-8
my_file-2411.html	utf-8
my_file-2412.html	utf-8
my_file-2413.html	utf-8
my_file-2414.html	utf-8
my_file-2415.html	utf-8
my_file-2416.html	utf-8
my_file-2417.html	utf-8
my_file-2418.html	utf-8
my_file-2419.html	utf-8
my_file-242.html	utf-8
my_file-2420.html	utf-8
my_file-2421.html	utf-8
my_file-2422.html	utf-8
my_file-2423.html	utf-8
my_file-2424.html	utf-8
my_file-2425.html	utf-8
my_file-2426.html	utf-8
my_file-2427.html	utf-8
my_file-2428.html	utf-8
my_file-2429.html	utf-8
my_file-243.html	utf-8
my_file-2430.html	utf-8
my_file-2431.html	utf-8
my_file-2432.html	utf-8
my_file-2433.html	utf-8
my_file-2434.html	utf-8
my_file-2435.html	utf-8
my_file-2436.html	utf-8
my_file-2437.html	utf-8
my_file-2438.html	utf-8
my_file-2439.html	utf-8
my_file-244.html	utf-8
my_file-2440.html	utf-8
my_file-2441.html	utf-8
my_file-2442.html	utf-8
my_file-2443.html	utf-8
my_file-2444.html	utf-8
my_file-2445.html	utf-8
my_file-2446.html	utf-8
my_file-2447.html	utf-8
my_file-2448.html	utf-8
my_file-2449.html	utf-8
my_file-245.html	utf-8
my_file-2450.html	utf-8
my_file-2451.html	utf-8
my_file-2452.html	utf-8
my_file-2453.html	utf-8
my_file-2454.html	utf-8
my_file-2455.html	utf-8
my_file-2456.html	utf-8
my_file-2457.html	utf-8
my_file-2458.html	utf-8
my_file-2459.html	utf-8
my_file-246.html	utf-8
my_file-2460.html	utf-8
my_file-2461.html	utf-8
my_file-2462.html	utf-8
my_file-2463.html	utf-8
my_file-2464.html	utf-8
my_file-2465.html	utf-8
my_file-2466.html	utf-8
my_file-2467.html	utf-8
my_file-2468.html	utf-8
my_file-2469.html	utf-8
my_file-247.html	utf-8
my_file-2470.html	utf-8
my_file-2471.html	utf-8
my_file-2472.html	utf-8
my_file-2473.html	utf-8
my_file-2474.html	utf-8
my_file-2475.html	utf-8
my_file-2476.html	utf-8
my_file-2477.html	utf-8
my_file-2478.html	utf-8
my_file-2479.html	utf-8
my_file-248.html	utf-8
my_file-2480.html	utf-8
my_file-2481.html	utf-8
my_file-2482.html	utf-8
my_file-2483.html	utf-8
my_file-2484.html	utf-8
my_file-2485.html	utf-8
my_file-2486.html	utf-8
my_file-2487.html	utf-8
my_file-2488.html	utf-8
my_file-2489.html	utf-8
my_file-249.html	utf-8
my_file-2490.html	utf-8
my_file-2491.html	utf-8
my_file-2492.html	utf-8
my_file-2493.html	utf-8
my_file-2494.html	utf-8
my_file-2495.html	utf-8
my_file-2496.html	utf-8
my_file-2497.html	utf-8
my_file-2498.html	utf-8
my_file-2499.html	utf-8
my_file-25.html	utf-8
my_file-250.html	utf-8
my_file-2500.html	utf-8
my_file-2501.html	utf-8
my_file-2502.html	utf-8
my_file-2503.html	utf-8
my_file-2504.html	utf-8
my_file-2505.html	utf-8
my_file-2506.html	utf-8
my_file-2507.html	utf-8
my_file-2508.html	utf-8
my_file-2509.html	utf-8
my_file-251.html	utf-8
my_file-2510.html	utf-8
my_file-2511.html	utf-8
my_file-2512.html	utf-8
my_file-2513.html	utf-8
my_file-2514.html	utf-8
my_file-2515.html	utf-8
my_file-2516.html	utf-8
my_file-2517.html	utf-8
my_file-2518.html	utf-8
my_file-2519.html	utf-8
my_file-252.html	utf-8
my_file-2520.html	utf-8
my_file-2521.html	utf-8
my_file-2522.html	utf-8
my_file-2523.html	utf-8
my_file-2524.html	utf-8
my_file-2525.html	utf-8
my_file-2526.html	utf-8
my_file-2527.html	utf-8
my_file-2528.html	utf-8
my_file-2529.html	utf-8
my_file-253.html	utf-8
my_file-2530.html	utf-8
my_file-2531.html	utf-8
my_file-2532.html	utf-8
my_file-2533.html	utf-8
my_file-2534.html	utf-8
my_file-2535.html	utf-8
my_file-2536.html	utf-8
my_file-2537.html	utf-8
my_file-2538.html	utf-8
my_file-2539.html	utf-8
my_file-254.html	utf-8
my_file-2540.html	utf-8
my_file-2541.html	utf-8
my_file-2542.html	utf-8
my_file-2543.html	utf-8
my_file-2544.html	utf-8
my_file-2545.html	utf-8
my_file-2546.html	utf-8
my_file-2547.html	utf-8
my_file-2548.html	utf-8
my_file-2549.html	utf-8
my_file-255.html	utf-8
my_file-2550.html	utf-8
my_file-2551.html	utf-8
my_file-2552.html	utf-8
my_file-2553.html	utf-8
my_file-2554.html	utf-8
my_file-2555.html	utf-8
my_file-2556.html	utf-8
my_file-2557.html	utf-8
my_file-2558.html	utf-8
my_file-2559.html	utf-8
my_file-256.html	utf-8
my_file-2560.html	utf-8
my_file-2561.html	utf-8
my_file-2562.html	utf-8
my_file-2563.html	utf-8
my_file-2564.html	utf-8
my_file-2565.html	utf-8
my_file-2566.html	utf-8
my_file-2567.html	utf-8
my_file-2568.html	utf-8
my_file-2569.html	utf-8
my_file-257.html	utf-8
my_file-2570.html	utf-8
my_file-2571.html	utf-8
my_file-2572.html	utf-8
my_file-2573.html	utf-8
my_file-2574.html	utf-8
my_file-2575.html	utf-8
my_file-2576.html	utf-8
my_file-2577.html	utf-8
my_file-2578.html	utf-8
my_file-2579.html	utf-8
my_file-258.html	utf-8
my_file-2580.html	utf-8
my_file-2581.html	utf-8
my_file-2582.html	utf-8
my_file-2583.html	utf-8
my_file-2584.html	utf-8
my_file-2585.html	utf-8
my_file-2586.html	utf-8
my_file-2587.html	utf-8
my_file-2588.html	utf-8
my_file-2589.html	utf-8
my_file-259.html	utf-8
my_file-2590.html	utf-8
my_file-2591.html	utf-8
my_file-2592.html	utf-8
my_file-2593.html	utf-8
my_file-2594.html	utf-8
my_file-2595.html	utf-8
my_file-2596.html	utf-8
my_file-2597.html	utf-8
my_file-2598.html	utf-8
my_file-2599.html	utf-8
my_file-26.html	utf-8
my_file-260.html	utf-8
my_file-2600.html	utf-8
my_file-2601.html	utf-8
my_file-2602.html	utf-8
my_file-2603.html	utf-8
my_file-2604.html	utf-8
my_file-2605.html	utf-8
my_file-2606.html	utf-8
my_file-2607.html	utf-8
my_file-2608.html	utf-8
my_file-2609.html	utf-8
my_file-261.html	utf-8
my_file-2610.html	utf-8
my_file-2611.html	utf-8
my_file-2612.html	utf-8
my_file-2613.html	utf-8
my_file-2614.html	utf-8
my_file-2615.html	utf-8
my_file-2616.html	utf-8
my_file-2617.html	utf-8
my_file-2618.html	utf-8
my_file-2619.html	utf-8
my_file-262.html	utf-8
my_file-2620.html	utf-8
my_file-2621.html	utf-8
my_file-2622.html	utf-8
my_file-2623.html	utf-8
my_file-2624.html	utf-8
my_file-2625.html	utf-8
my_file-2626.html	utf-8
my_file-2627.html	utf-8
my_file-2628.html	utf-8
my_file-2629.html	utf-8
my_file-263.html	utf-8
my_file-2630.html	utf-8
my_file-2631.html	utf-8
my_file-2632.html	utf-8
my_file-2633.html	utf-8
my_file-2634.html	utf-8
my_file-2635.html	utf-8
my_file-2636.html	utf-8
my_file-2637.html	utf-8
my_file-2638.html	utf-8
my_file-2639.html	utf-8
my_file-264.html	utf-8
my_file-2640.html	utf-8
my_file-2641.html	utf-8
my_file-2642.html	utf-8
my_file-2643.html	utf-8
my_file-2644.html	utf-8
my_file-2645.html	utf-8
my_file-2646.html	utf-8
my_file-2647.html	utf-8
my_file-2648.html	utf-8
my_file-2649.html	utf-8
my_file-265.html	Windows-1254
my_file-2650.html	utf-8
my_file-2651.html	utf-8
my_file-2652.html	utf-8
my_file-2653.html	utf-8
my_file-2654.html	utf-8
my_file-2655.html	utf-8
my_file-2656.html	utf-8
my_file-2657.html	utf-8
my_file-2658.html	utf-8
my_file-2659.html	utf-8
my_file-266.html	utf-8
my_file-2660.html	utf-8
my_file-2661.html	utf-8
my_file-2662.html	utf-8
my_file-2663.html	utf-8
my_file-2664.html	utf-8
my_file-2665.html	utf-8
my_file-2666.html	utf-8
my_file-2667.html	utf-8
my_file-2668.html	utf-8
my_file-2669.html	utf-8
my_file-267.html	utf-8
my_file-2670.html	utf-8
my_file-2671.html	utf-8
my_file-2672.html	utf-8
my_file-2673.html	utf-8
my_file-2674.html	utf-8
my_file-2675.html	utf-8
my_file-2676.html	utf-8
my_file-2677.html	utf-8
my_file-2678.html	utf-8
my_file-2679.html	utf-8
my_file-268.html	Windows-1254
my_file-2680.html	utf-8
my_file-2681.html	utf-8
my_file-2682.html	utf-8
my_file-2683.html	utf-8
my_file-2684.html	utf-8
my_file-2685.html	utf-8
my_file-2686.html	utf-8
my_file-2687.html	utf-8
my_file-2688.html	utf-8
my_file-2689.html	utf-8
my_file-269.html	utf-8
my_file-2690.html	utf-8
my_file-2691.html	utf-8
my_file-2692.html	utf-8
my_file-2693.html	utf-8
my_file-2694.html	utf-8
my_file-2695.html	utf-8
my_file-2696.html	utf-8
my_file-2697.html	utf-8
my_file-2698.html	utf-8
my_file-2699.html	utf-8
my_file-27.html	utf-8
my_file-270.html	utf-8
my_file-2700.html	utf-8
my_file-2701.html	utf-8
my_file-2702.html	utf-8
my_file-2703.html	utf-8
my_file-2704.html	utf-8
my_file-2705.html	utf-8
my_file-2706.html	utf-8
my_file-2707.html	utf-8
my_file-2708.html	utf-8
my_file-2709.html	utf-8
my_file-271.html	utf-8
my_file-2710.html	utf-8
my_file-2711.html	utf-8
my_file-2712.html	utf-8
my_file-2713.html	utf-8
my_file-2714.html	utf-8
my_file-2715.html	utf-8
my_file-2716.html	utf-8
my_file-2717.html	utf-8
my_file-2718.html	utf-8
my_file-2719.html	utf-8
my_file-272.html	utf-8
my_file-2720.html	utf-8
my_file-2721.html	utf-8
my_file-2722.html	utf-8
my_file-2723.html	utf-8
my_file-2724.html	utf-8
my_file-2725.html	utf-8
my_file-2726.html	utf-8
my_file-2727.html	utf-8
my_file-2728.html	utf-8
my_file-2729.html	utf-8
my_file-273.html	utf-8
my_file-2730.html	utf-8
my_file-2731.html	utf-8
my_file-2732.html	utf-8
my_file-2733.html	utf-8
my_file-2734.html	utf-8
my_file-2735.html	utf-8
my_file-2736.html	utf-8
my_file-2737.html	utf-8
my_file-2738.html	utf-8
my_file-2739.html	utf-8
my_file-274.html	utf-8
my_file-2740.html	utf-8
my_file-2741.html	utf-8
my_file-2742.html	utf-8
my_file-2743.html	utf-8
my_file-2744.html	utf-8
my_file-2745.html	utf-8
my_file-2746.html	utf-8
my_file-2747.html	utf-8
my_file-2748.html	utf-8
my_file-2749.html	utf-8
my_file-275.html	utf-8
my_file-2750.html	utf-8
my_file-2751.html	utf-8
my_file-2752.html	utf-8
my_file-2753.html	utf-8
my_file-2754.html	utf-8
my_file-2755.html	utf-8
my_file-2756.html	utf-8
my_file-2757.html	utf-8
my_file-2758.html	utf-8
my_file-2759.html	utf-8
my_file-276.html	utf-8
my_file-2760.html	utf-8
my_file-2761.html	utf-8
my_file-2762.html	utf-8
my_file-2763.html	utf-8
my_file-2764.html	utf-8
my_file-2765.html	utf-8
my_file-2766.html	utf-8
my_file-2767.html	utf-8
my_file-2768.html	utf-8
my_file-2769.html	utf-8
my_file-277.html	utf-8
my_file-2770.html	utf-8
my_file-2771.html	utf-8
my_file-2772.html	utf-8
my_file-2773.html	utf-8
my_file-2774.html	utf-8
my_file-2775.html	utf-8
my_file-2776.html	utf-8
my_file-2777.html	utf-8
my_file-2778.html	utf-8
my_file-2779.html	utf-8
my_file-278.html	utf-8
my_file-2780.html	utf-8
my_file-2781.html	utf-8
my_file-2782.html	utf-8
my_file-2783.html	utf-8
my_file-2784.html	utf-8
my_file-2785.html	utf-8
my_file-2786.html	utf-8
my_file-2787.html	utf-8
my_file-2788.html	utf-8
my_file-2789.html	utf-8
my_file-279.html	utf-8
my_file-2790.html	utf-8
my_file-2791.html	utf-8
my_file-2792.html	utf-8
my_file-2793.html	utf-8
my_file-2794.html	utf-8
my_file-2795.html	utf-8
my_file-2796.html	utf-8
my_file-2797.html	utf-8
my_file-2798.html	utf-8
my_file-2799.html	utf-8
my_file-28.html	utf-8
my_file-280.html	utf-8
my_file-2800.html	utf-8
my_file-2801.html	utf-8
my_file-2802.html	utf-8
my_file-2803.html	utf-8
my_file-2804.html	utf-8
my_file-2805.html	utf-8
my_file-2806.html	utf-8
my_file-2807.html	utf-8
my_file-2808.html	utf-8
my_file-2809.html	utf-8
my_file-281.html	utf-8
my_file-2810.html	utf-8
my_file-2811.html	utf-8
my_file-2812.html	utf-8
my_file-2813.html	utf-8
my_file-2814.html	utf-8
my_file-2815.html	utf-8
my_file-2816.html	utf-8
my_file-2817.html	utf-8
my_file-2818.html	utf-8
my_file-2819.html	utf-8
my_file-282.html	utf-8
my_file-2820.html	utf-8
my_file-2821.html	utf-8
my_file-2822.html	utf-8
my_file-2823.html	utf-8
my_file-2824.html	utf-8
my_file-2825.html	utf-8
my_file-2826.html	utf-8
my_file-2827.html	utf-8
my_file-2828.html	utf-8
my_file-2829.html	utf-8
my_file-283.html	utf-8
my_file-2830.html	utf-8
my_file-2831.html	utf-8
my_file-2832.html	utf-8
my_file-2833.html	utf-8
my_file-2834.html	utf-8
my_file-2835.html	utf-8
my_file-2836.html	utf-8
my_file-2837.html	utf-8
my_file-2838.html	utf-8
my_file-2839.html	utf-8
my_file-284.html	utf-8
my_file-2840.html	utf-8
my_file-2841.html	utf-8
my_file-2842.html	utf-8
my_file-2843.html	utf-8
my_file-2844.html	utf-8
my_file-2845.html	utf-8
my_file-2846.html	utf-8
my_file-2847.html	utf-8
my_file-2848.html	utf-8
my_file-2849.html	utf-8
my_file-285.html	utf-8
my_file-2850.html	utf-8
my_file-2851.html	utf-8
my_file-2852.html	utf-8
my_file-2853.html	utf-8
my_file-2854.html	utf-8
my_file-2855.html	utf-8
my_file-2856.html	utf-8
my_file-2857.html	utf-8
my_file-2858.html	utf-8
my_file-2859.html	utf-8
my_file-286.html	utf-8
my_file-2860.html	utf-8
my_file-2861.html	utf-8
my_file-2862.html	utf-8
my_file-2863.html	utf-8
my_file-2864.html	utf-8
my_file-2865.html	utf-8
my_file-2866.html	utf-8
my_file-2867.html	utf-8
my_file-2868.html	utf-8
my_file-2869.html	utf-8
my_file-287.html	utf-8
my_file-2870.html	utf-8
my_file-2871.html	utf-8
my_file-2872.html	utf-8
my_file-2873.html	utf-8
my_file-2874.html	utf-8
my_file-2875.html	utf-8
my_file-2876.html	utf-8
my_file-2877.html	utf-8
my_file-2878.html	utf-8
my_file-2879.html	utf-8
my_file-288.html	utf-8
my_file-2880.html	utf-8
my_file-2881.html	utf-8
my_file-2882.html	utf-8
my_file-2883.html	utf-8
my_file-2884.html	utf-8
my_file-2885.html	utf-8
my_file-2886.html	utf-8
my_file-2887.html	utf-8
my_file-2888.html	utf-8
my_file-2889.html	utf-8
my_file-289.html	utf-8
my_file-2890.html	utf-8
my_file-2891.html	utf-8
my_file-2892.html	utf-8
my_file-2893.html	utf-8
my_file-2894.html	utf-8
my_file-2895.html	utf-8
my_file-2896.html	utf-8
my_file-2897.html	utf-8
my_file-2898.html	utf-8
my_file-2899.html	utf-8
my_file-29.html	utf-8
my_file-290.html	utf-8
my_file-2900.html	utf-8
my_file-2901.html	utf-8
my_file-2902.html	utf-8
my_file-2903.html	utf-8
my_file-2904.html	utf-8
my_file-2905.html	utf-8
my_file-2906.html	utf-8
my_file-2907.html	utf-8
my_file-2908.html	utf-8
my_file-2909.html	utf-8
my_file-291.html	utf-8
my_file-2910.html	utf-8
my_file-2911.html	utf-8
my_file-2912.html	utf-8
my_file-2913.html	utf-8
my_file-2914.html	utf-8
my_file-2915.html	utf-8
my_file-2916.html	utf-8
my_file-2917.html	utf-8
my_file-2918.html	utf-8
my_file-2919.html	utf-8
my_file-292.html	utf-8
my_file-2920.html	utf-8
my_file-2921.html	utf-8
my_file-2922.html	utf-8
my_file-2923.html	utf-8
my_file-2924.html	utf-8
my_file-2925.html	utf-8
my_file-2926.html	utf-8
my_file-2927.html	utf-8
my_file-2928.html	utf-8
my_file-2929.html	utf-8
my_file-293.html	utf-8
my_file-2930.html	utf-8
my_file-2931.html	utf-8
my_file-2932.html	utf-8
my_file-2933.html	utf-8
my_file-2934.html	utf-8
my_file-2935.html	utf-8
my_file-2936.html	utf-8
my_file-2937.html	utf-8
my_file-2938.html	utf-8
my_file-2939.html	utf-8
my_file-294.html	utf-8
my_file-2940.html	utf-8
my_file-2941.html	utf-8
my_file-2942.html	utf-8
my_file-2943.html	utf-8
my_file-2944.html	utf-8
my_file-2945.html	utf-8
my_file-2946.html	utf-8
my_file-2947.html	utf-8
my_file-2948.html	utf-8
my_file-2949.html	utf-8
my_file-295.html	utf-8
my_file-2950.html	utf-8
my_file-2951.html	utf-8
my_file-2952.html	utf-8
my_file-2953.html	utf-8
my_file-2954.html	utf-8
my_file-2955.html	utf-8
my_file-2956.html	utf-8
my_file-2957.html	utf-8
my_file-2958.html	utf-8
my_file-2959.html	utf-8
my_file-296.html	utf-8
my_file-2960.html	utf-8
my_file-2961.html	utf-8
my_file-2962.html	utf-8
my_file-2963.html	utf-8
my_file-2964.html	utf-8
my_file-2965.html	utf-8
my_file-2966.html	utf-8
my_file-2967.html	utf-8
my_file-2968.html	utf-8
my_file-2969.html	utf-8
my_file-297.html	utf-8
my_file-2970.html	utf-8
my_file-2971.html	utf-8
my_file-2972.html	utf-8
my_file-2973.html	utf-8
my_file-2974.html	utf-8
my_file-2975.html	utf-8
my_file-2976.html	utf-8
my_file-2977.html	utf-8
my_file-2978.html	utf-8
my_file-2979.html	utf-8
my_file-298.html	utf-8
my_file-2980.html	utf-8
my_file-2981.html	utf-8
my_file-2982.html	utf-8
my_file-2983.html	utf-8
my_file-2984.html	utf-8
my_file-2985.html	utf-8
my_file-2986.html	utf-8
my_file-2987.html	utf-8
my_file-2988.html	utf-8
my_file-2989.html	utf-8
my_file-299.html	utf-8
my_file-2990.html	utf-8
my_file-2991.html	utf-8
my_file-2992.html	utf-8
my_file-2993.html	utf-8
my_file-2994.html	utf-8
my_file-2995.html	utf-8
my_file-2996.html	utf-8
my_file-2997.html	utf-8
my_file-2998.html	utf-8
my_file-2999.html	Big5
my_file-3.html	utf-8
my_file-30.html	utf-8
my_file-300.html	utf-8
my_file-3000.html	utf-8
my_file-3001.html	utf-8
my_file-3002.html	utf-8
my_file-3003.html	utf-8
my_file-3004.html	utf-8
my_file-3005.html	utf-8
my_file-3006.html	utf-8
my_file-3007.html	Big5
my_file-3008.html	utf-8
my_file-3009.html	utf-8
my_file-301.html	utf-8
my_file-3010.html	utf-8
my_file-3011.html	utf-8
my_file-3012.html	utf-8
my_file-3013.html	utf-8
my_file-3014.html	utf-8
my_file-3015.html	utf-8
my_file-3016.html	Big5
my_file-3017.html	Big5
my_file-3018.html	utf-8
my_file-3019.html	utf-8
my_file-302.html	utf-8
my_file-3020.html	utf-8
my_file-3021.html	utf-8
my_file-3022.html	utf-8
my_file-3023.html	Big5
my_file-3024.html	Big5
my_file-3025.html	Big5
my_file-3026.html	utf-8
my_file-3027.html	utf-8
my_file-3028.html	utf-8
my_file-3029.html	utf-8
my_file-303.html	utf-8
my_file-3030.html	utf-8
my_file-3031.html	utf-8
my_file-3032.html	utf-8
my_file-3033.html	utf-8
my_file-3034.html	utf-8
my_file-3035.html	utf-8
my_file-3036.html	utf-8
my_file-3037.html	utf-8
my_file-3038.html	utf-8
my_file-3039.html	utf-8
my_file-304.html	utf-8
my_file-3040.html	utf-8
my_file-3041.html	GB2312
my_file-3042.html	utf-8
my_file-3043.html	utf-8
my_file-3044.html	utf-8
my_file-3045.html	utf-8
my_file-3046.html	utf-8
my_file-3047.html	utf-8
my_file-3048.html	utf-8
my_file-3049.html	utf-8
my_file-305.html	utf-8
my_file-3050.html	utf-8
my_file-3051.html	utf-8
my_file-3052.html	utf-8
my_file-3053.html	utf-8
my_file-3054.html	utf-8
my_file-3055.html	utf-8
my_file-3056.html	utf-8
my_file-3057.html	utf-8
my_file-3058.html	utf-8
my_file-3059.html	utf-8
my_file-306.html	utf-8
my_file-3060.html	utf-8
my_file-3061.html	utf-8
my_file-3062.html	utf-8
my_file-3063.html	utf-8
my_file-3064.html	utf-8
my_file-3065.html	utf-8
my_file-3066.html	utf-8
my_file-3067.html	utf-8
my_file-3068.html	utf-8
my_file-3069.html	utf-8
my_file-307.html	utf-8
my_file-3070.html	utf-8
my_file-3071.html	utf-8
my_file-3072.html	utf-8
my_file-3073.html	utf-8
my_file-3074.html	utf-8
my_file-3075.html	utf-8
my_file-3076.html	utf-8
my_file-3077.html	utf-8
my_file-3078.html	utf-8
my_file-3079.html	utf-8
my_file-308.html	utf-8
my_file-3080.html	utf-8
my_file-3081.html	utf-8
my_file-3082.html	utf-8
my_file-3083.html	utf-8
my_file-3084.html	utf-8
my_file-3085.html	utf-8
my_file-3086.html	utf-8
my_file-3087.html	utf-8
my_file-3088.html	utf-8
my_file-3089.html	utf-8
my_file-309.html	utf-8
my_file-3090.html	utf-8
my_file-3091.html	utf-8
my_file-3092.html	utf-8
my_file-3093.html	utf-8
my_file-3094.html	utf-8
my_file-3095.html	utf-8
my_file-3096.html	utf-8
my_file-3097.html	utf-8
my_file-3098.html	utf-8
my_file-3099.html	utf-8
my_file-31.html	utf-8
my_file-310.html	utf-8
my_file-3100.html	utf-8
my_file-3101.html	utf-8
my_file-3102.html	utf-8
my_file-3103.html	utf-8
my_file-3104.html	utf-8
my_file-3105.html	utf-8
my_file-3106.html	utf-8
my_file-3107.html	utf-8
my_file-3108.html	utf-8
my_file-3109.html	utf-8
my_file-311.html	utf-8
my_file-3110.html	utf-8
my_file-3111.html	utf-8
my_file-3112.html	utf-8
my_file-3113.html	utf-8
my_file-3114.html	utf-8
my_file-3115.html	utf-8
my_file-3116.html	utf-8
my_file-3117.html	utf-8
my_file-3118.html	utf-8
my_file-3119.html	utf-8
my_file-312.html	utf-8
my_file-3120.html	utf-8
my_file-3121.html	utf-8
my_file-3122.html	utf-8
my_file-3123.html	utf-8
my_file-3124.html	utf-8
my_file-3125.html	utf-8
my_file-3126.html	utf-8
my_file-3127.html	utf-8
my_file-3128.html	utf-8
my_file-3129.html	utf-8
my_file-313.html	utf-8
my_file-3130.html	utf-8
my_file-3131.html	utf-8
my_file-3132.html	utf-8
my_file-3133.html	utf-8
my_file-3134.html	utf-8
my_file-3135.html	utf-8
my_file-3136.html	utf-8
my_file-3137.html	utf-8
my_file-3138.html	utf-8
my_file-3139.html	utf-8
my_file-314.html	utf-8
my_file-3140.html	utf-8
my_file-3141.html	utf-8
my_file-3142.html	utf-8
my_file-3143.html	utf-8
my_file-3144.html	utf-8
my_file-3145.html	utf-8
my_file-3146.html	utf-8
my_file-3147.html	utf-8
my_file-3148.html	utf-8
my_file-3149.html	utf-8
my_file-315.html	utf-8
my_file-3150.html	utf-8
my_file-3151.html	utf-8
my_file-3152.html	utf-8
my_file-3153.html	utf-8
my_file-3154.html	utf-8
my_file-3155.html	utf-8
my_file-3156.html	utf-8
my_file-3157.html	utf-8
my_file-3158.html	utf-8
my_file-3159.html	utf-8
my_file-316.html	utf-8
my_file-3160.html	utf-8
my_file-3161.html	utf-8
my_file-3162.html	utf-8
my_file-3163.html	utf-8
my_file-3164.html	utf-8
my_file-3165.html	utf-8
my_file-3166.html	utf-8
my_file-3167.html	utf-8
my_file-3168.html	utf-8
my_file-3169.html	utf-8
my_file-317.html	utf-8
my_file-3170.html	utf-8
my_file-3171.html	utf-8
my_file-3172.html	utf-8
my_file-3173.html	utf-8
my_file-3174.html	utf-8
my_file-3175.html	utf-8
my_file-3176.html	utf-8
my_file-3177.html	utf-8
my_file-3178.html	utf-8
my_file-3179.html	utf-8
my_file-318.html	utf-8
my_file-3180.html	utf-8
my_file-3181.html	utf-8
my_file-3182.html	utf-8
my_file-3183.html	utf-8
my_file-3184.html	utf-8
my_file-3185.html	utf-8
my_file-3186.html	utf-8
my_file-3187.html	utf-8
my_file-3188.html	utf-8
my_file-3189.html	utf-8
my_file-319.html	utf-8
my_file-3190.html	utf-8
my_file-3191.html	utf-8
my_file-3192.html	utf-8
my_file-3193.html	utf-8
my_file-3194.html	utf-8
my_file-3195.html	utf-8
my_file-3196.html	utf-8
my_file-3197.html	utf-8
my_file-3198.html	utf-8
my_file-3199.html	utf-8
my_file-32.html	utf-8
my_file-320.html	utf-8
my_file-3200.html	utf-8
my_file-3201.html	utf-8
my_file-3202.html	utf-8
my_file-3203.html	utf-8
my_file-3204.html	utf-8
my_file-3205.html	utf-8
my_file-3206.html	utf-8
my_file-3207.html	utf-8
my_file-3208.html	utf-8
my_file-3209.html	utf-8
my_file-321.html	utf-8
my_file-3210.html	utf-8
my_file-3211.html	utf-8
my_file-3212.html	utf-8
my_file-3213.html	utf-8
my_file-3214.html	utf-8
my_file-3215.html	utf-8
my_file-3216.html	utf-8
my_file-3217.html	utf-8
my_file-3218.html	utf-8
my_file-3219.html	utf-8
my_file-322.html	Windows-1254
my_file-3220.html	utf-8
my_file-3221.html	utf-8
my_file-3222.html	utf-8
my_file-3223.html	utf-8
my_file-3224.html	utf-8
my_file-3225.html	utf-8
my_file-3226.html	utf-8
my_file-3227.html	utf-8
my_file-3228.html	utf-8
my_file-3229.html	utf-8
my_file-323.html	utf-8
my_file-3230.html	utf-8
my_file-3231.html	utf-8
my_file-3232.html	utf-8
my_file-3233.html	utf-8
my_file-3234.html	utf-8
my_file-3235.html	utf-8
my_file-3236.html	utf-8
my_file-3237.html	utf-8
my_file-3238.html	utf-8
my_file-3239.html	utf-8
my_file-324.html	utf-8
my_file-3240.html	utf-8
my_file-3241.html	utf-8
my_file-3242.html	utf-8
my_file-3243.html	utf-8
my_file-3244.html	utf-8
my_file-3245.html	utf-8
my_file-3246.html	utf-8
my_file-3247.html	utf-8
my_file-3248.html	utf-8
my_file-3249.html	utf-8
my_file-325.html	utf-8
my_file-3250.html	utf-8
my_file-3251.html	utf-8
my_file-3252.html	utf-8
my_file-3253.html	utf-8
my_file-3254.html	utf-8
my_file-3255.html	utf-8
my_file-3256.html	utf-8
my_file-3257.html	utf-8
my_file-3258.html	utf-8
my_file-3259.html	utf-8
my_file-326.html	utf-8
my_file-3260.html	utf-8
my_file-3261.html	utf-8
my_file-3262.html	utf-8
my_file-3263.html	utf-8
my_file-3264.html	utf-8
my_file-3265.html	utf-8
my_file-3266.html	utf-8
my_file-3267.html	utf-8
my_file-3268.html	utf-8
my_file-3269.html	utf-8
my_file-327.html	utf-8
my_file-3270.html	utf-8
my_file-3271.html	utf-8
my_file-3272.html	utf-8
my_file-3273.html	utf-8
my_file-3274.html	utf-8
my_file-3275.html	utf-8
my_file-3276.html	utf-8
my_file-3277.html	utf-8
my_file-3278.html	utf-8
my_file-3279.html	utf-8
my_file-328.html	utf-8
my_file-3280.html	utf-8
my_file-3281.html	utf-8
my_file-3282.html	utf-8
my_file-3283.html	utf-8
my_file-3284.html	utf-8
my_file-3285.html	utf-8
my_file-3286.html	utf-8
my_file-3287.html	utf-8
my_file-3288.html	utf-8
my_file-3289.html	utf-8
my_file-329.html	utf-8
my_file-3290.html	utf-8
my_file-3291.html	utf-8
my_file-3292.html	utf-8
my_file-3293.html	utf-8
my_file-3294.html	utf-8
my_file-3295.html	utf-8
my_file-3296.html	utf-8
my_file-3297.html	utf-8
my_file-3298.html	utf-8
my_file-3299.html	utf-8
my_file-33.html	utf-8
my_file-330.html	utf-8
my_file-3300.html	utf-8
my_file-3301.html	utf-8
my_file-3302.html	utf-8
my_file-3303.html	utf-8
my_file-3304.html	utf-8
my_file-3305.html	utf-8
my_file-3306.html	utf-8
my_file-3307.html	utf-8
my_file-3308.html	utf-8
my_file-3309.html	utf-8
my_file-331.html	utf-8
my_file-3310.html	utf-8
my_file-3311.html	utf-8
my_file-3312.html	utf-8
my_file-3313.html	utf-8
my_file-3314.html	utf-8
my_file-3315.html	utf-8
my_file-3316.html	utf-8
my_file-3317.html	utf-8
my_file-3318.html	utf-8
my_file-3319.html	utf-8
my_file-332.html	utf-8
my_file-3320.html	utf-8
my_file-3321.html	utf-8
my_file-3322.html	utf-8
my_file-3323.html	utf-8
my_file-3324.html	utf-8
my_file-3325.html	utf-8
my_file-3326.html	utf-8
my_file-3327.html	utf-8
my_file-3328.html	utf-8
my_file-3329.html	utf-8
my_file-333.html	utf-8
my_file-3330.html	utf-8
my_file-3331.html	utf-8
my_file-3332.html	utf-8
my_file-3333.html	utf-8
my_file-3334.html	utf-8
my_file-3335.html	utf-8
my_file-3336.html	utf-8
my_file-3337.html	utf-8
my_file-3338.html	utf-8
my_file-3339.html	utf-8
my_file-334.html	utf-8
my_file-3340.html	utf-8
my_file-3341.html	utf-8
my_file-3342.html	utf-8
my_file-3343.html	utf-8
my_file-3344.html	utf-8
my_file-3345.html	utf-8
my_file-3346.html	utf-8
my_file-3347.html	utf-8
my_file-3348.html	utf-8
my_file-3349.html	utf-8
my_file-335.html	utf-8
my_file-3350.html	utf-8
my_file-3351.html	utf-8
my_file-3352.html	utf-8
my_file-3353.html	utf-8
my_file-3354.html	utf-8
my_file-3355.html	utf-8
my_file-3356.html	utf-8
my_file-3357.html	utf-8
my_file-3358.html	utf-8
my_file-3359.html	utf-8
my_file-336.html	utf-8
my_file-3360.html	utf-8
my_file-3361.html	utf-8
my_file-3362.html	utf-8
my_file-3363.html	utf-8
my_file-3364.html	utf-8
my_file-3365.html	utf-8
my_file-3366.html	utf-8
my_file-3367.html	utf-8
my_file-3368.html	utf-8
my_file-3369.html	utf-8
my_file-337.html	utf-8
my_file-3370.html	utf-8
my_file-3371.html	utf-8
my_file-3372.html	utf-8
my_file-3373.html	utf-8
my_file-3374.html	utf-8
my_file-3375.html	utf-8
my_file-3376.html	utf-8
my_file-3377.html	utf-8
my_file-3378.html	utf-8
my_file-3379.html	utf-8
my_file-338.html	utf-8
my_file-3380.html	utf-8
my_file-3381.html	utf-8
my_file-3382.html	utf-8
my_file-3383.html	utf-8
my_file-3384.html	utf-8
my_file-3385.html	utf-8
my_file-3386.html	utf-8
my_file-3387.html	utf-8
my_file-3388.html	utf-8
my_file-3389.html	utf-8
my_file-339.html	utf-8
my_file-3390.html	utf-8
my_file-3391.html	utf-8
my_file-3392.html	utf-8
my_file-3393.html	utf-8
my_file-3394.html	utf-8
my_file-3395.html	utf-8
my_file-3396.html	utf-8
my_file-3397.html	utf-8
my_file-3398.html	utf-8
my_file-3399.html	utf-8
my_file-34.html	utf-8
my_file-340.html	utf-8
my_file-3400.html	utf-8
my_file-3401.html	utf-8
my_file-3402.html	utf-8
my_file-3403.html	GB2312
my_file-3404.html	utf-8
my_file-3405.html	utf-8
my_file-3406.html	utf-8
my_file-3407.html	utf-8
my_file-3408.html	utf-8
my_file-3409.html	utf-8
my_file-341.html	utf-8
my_file-3410.html	utf-8
my_file-3411.html	GB2312
my_file-3412.html	GB2312
my_file-3413.html	utf-8
my_file-3414.html	GB2312
my_file-3415.html	GB2312
my_file-3416.html	utf-8
my_file-3417.html	GB2312
my_file-3418.html	GB2312
my_file-3419.html	GB2312
my_file-342.html	utf-8
my_file-3420.html	GB2312
my_file-3421.html	GB2312
my_file-3422.html	GB2312
my_file-3423.html	GB2312
my_file-3424.html	GB2312
my_file-3425.html	GB2312
my_file-3426.html	GB2312
my_file-3427.html	GB2312
my_file-3428.html	GB2312
my_file-3429.html	GB2312
my_file-343.html	utf-8
my_file-3430.html	GB2312
my_file-3431.html	GB2312
my_file-3432.html	GB2312
my_file-3433.html	GB2312
my_file-3434.html	utf-8
my_file-3435.html	utf-8
my_file-3436.html	GB2312
my_file-3437.html	GB2312
my_file-3438.html	GB2312
my_file-3439.html	GB2312
my_file-344.html	utf-8
my_file-3440.html	GB2312
my_file-3441.html	utf-8
my_file-3442.html	GB2312
my_file-3443.html	GB2312
my_file-3444.html	utf-8
my_file-3445.html	GB2312
my_file-3446.html	GB2312
my_file-3447.html	GB2312
my_file-3448.html	GB2312
my_file-3449.html	GB2312
my_file-345.html	utf-8
my_file-3450.html	GB2312
my_file-3451.html	GB2312
my_file-3452.html	GB2312
my_file-3453.html	GB2312
my_file-3454.html	GB2312
my_file-3455.html	GB2312
my_file-3456.html	GB2312
my_file-3457.html	GB2312
my_file-3458.html	GB2312
my_file-3459.html	GB2312
my_file-346.html	utf-8
my_file-3460.html	GB2312
my_file-3461.html	GB2312
my_file-3462.html	GB2312
my_file-3463.html	GB2312
my_file-3464.html	utf-8
my_file-3465.html	GB2312
my_file-3466.html	GB2312
my_file-3467.html	Windows-1254
my_file-3468.html	utf-8
my_file-3469.html	utf-8
my_file-347.html	utf-8
my_file-3470.html	GB2312
my_file-3471.html	GB2312
my_file-3472.html	GB2312
my_file-3473.html	utf-8
my_file-3474.html	GB2312
my_file-3475.html	utf-8
my_file-3476.html	GB2312
my_file-3477.html	GB2312
my_file-3478.html	utf-8
my_file-3479.html	GB2312
my_file-348.html	utf-8
my_file-3480.html	GB2312
my_file-3481.html	GB2312
my_file-3482.html	GB2312
my_file-3483.html	utf-8
my_file-3484.html	GB2312
my_file-3485.html	GB2312
my_file-3486.html	GB2312
my_file-3487.html	GB2312
my_file-3488.html	utf-8
my_file-3489.html	utf-8
my_file-349.html	utf-8
my_file-3490.html	utf-8
my_file-3491.html	utf-8
my_file-3492.html	utf-8
my_file-3493.html	utf-8
my_file-3494.html	utf-8
my_file-3495.html	utf-8
my_file-3496.html	utf-8
my_file-3497.html	utf-8
my_file-3498.html	utf-8
my_file-3499.html	utf-8
my_file-35.html	utf-8
my_file-350.html	utf-8
my_file-3500.html	utf-8
my_file-3501.html	utf-8
my_file-3502.html	utf-8
my_file-3503.html	utf-8
my_file-3504.html	utf-8
my_file-3505.html	utf-8
my_file-3506.html	utf-8
my_file-3507.html	utf-8
my_file-3508.html	utf-8
my_file-3509.html	utf-8
my_file-351.html	utf-8
my_file-3510.html	utf-8
my_file-3511.html	utf-8
my_file-3512.html	utf-8
my_file-3513.html	utf-8
my_file-3514.html	utf-8
my_file-3515.html	utf-8
my_file-3516.html	utf-8
my_file-3517.html	utf-8
my_file-3518.html	utf-8
my_file-3519.html	utf-8
my_file-352.html	utf-8
my_file-3520.html	utf-8
my_file-3521.html	utf-8
my_file-3522.html	utf-8
my_file-3523.html	utf-8
my_file-3524.html	utf-8
my_file-3525.html	utf-8
my_file-3526.html	utf-8
my_file-3527.html	utf-8
my_file-3528.html	utf-8
my_file-3529.html	utf-8
my_file-353.html	utf-8
my_file-3530.html	utf-8
my_file-3531.html	utf-8
my_file-3532.html	GB2312
my_file-3533.html	utf-8
my_file-3534.html	utf-8
my_file-3535.html	utf-8
my_file-3536.html	utf-8
my_file-3537.html	utf-8
my_file-3538.html	utf-8
my_file-3539.html	utf-8
my_file-354.html	utf-8
my_file-3540.html	utf-8
my_file-3541.html	utf-8
my_file-3542.html	utf-8
my_file-3543.html	utf-8
my_file-3544.html	utf-8
my_file-3545.html	utf-8
my_file-3546.html	utf-8
my_file-3547.html	utf-8
my_file-3548.html	utf-8
my_file-3549.html	utf-8
my_file-355.html	utf-8
my_file-3550.html	utf-8
my_file-3551.html	utf-8
my_file-3552.html	utf-8
my_file-3553.html	utf-8
my_file-3554.html	utf-8
my_file-3555.html	Windows-1254
my_file-3556.html	utf-8
my_file-3557.html	utf-8
my_file-3558.html	utf-8
my_file-3559.html	utf-8
my_file-356.html	utf-8
my_file-3560.html	utf-8
my_file-3561.html	utf-8
my_file-3562.html	utf-8
my_file-3563.html	utf-8
my_file-3564.html	utf-8
my_file-3565.html	utf-8
my_file-3566.html	utf-8
my_file-3567.html	utf-8
my_file-3568.html	utf-8
my_file-3569.html	utf-8
my_file-357.html	utf-8
my_file-3570.html	utf-8
my_file-3571.html	utf-8
my_file-3572.html	utf-8
my_file-3573.html	utf-8
my_file-3574.html	utf-8
my_file-3575.html	utf-8
my_file-3576.html	utf-8
my_file-3577.html	utf-8
my_file-3578.html	utf-8
my_file-3579.html	utf-8
my_file-358.html	utf-8
my_file-3580.html	utf-8
my_file-3581.html	utf-8
my_file-3582.html	utf-8
my_file-3583.html	utf-8
my_file-3584.html	utf-8
my_file-3585.html	GB2312
my_file-3586.html	GB2312
my_file-3587.html	GB2312
my_file-3588.html	GB2312
my_file-3589.html	GB2312
my_file-359.html	utf-8
my_file-3590.html	GB2312
my_file-3591.html	GB2312
my_file-3592.html	GB2312
my_file-3593.html	GB2312
my_file-3594.html	GB2312
my_file-3595.html	GB2312
my_file-3596.html	GB2312
my_file-3597.html	GB2312
my_file-3598.html	GB2312
my_file-3599.html	GB2312
my_file-36.html	utf-8
my_file-360.html	utf-8
my_file-3600.html	GB2312
my_file-3601.html	GB2312
my_file-3602.html	GB2312
my_file-3603.html	GB2312
my_file-3604.html	GB2312
my_file-3605.html	GB2312
my_file-3606.html	GB2312
my_file-3607.html	GB2312
my_file-3608.html	utf-8
my_file-3609.html	utf-8
my_file-361.html	utf-8
my_file-3610.html	GB2312
my_file-3611.html	utf-8
my_file-3612.html	GB2312
my_file-3613.html	utf-8
my_file-3614.html	utf-8
my_file-3615.html	utf-8
my_file-3616.html	Windows-1254
my_file-3617.html	utf-8
my_file-3618.html	utf-8
my_file-3619.html	
my_file-362.html	utf-8
my_file-3620.html	
my_file-3621.html	Windows-1254
my_file-3622.html	utf-8
my_file-3623.html	utf-8
my_file-3624.html	utf-8
my_file-3625.html	utf-8
my_file-3626.html	utf-8
my_file-3627.html	utf-8
my_file-3628.html	utf-8
my_file-3629.html	utf-8
my_file-363.html	utf-8
my_file-3630.html	utf-8
my_file-3631.html	utf-8
my_file-3632.html	utf-8
my_file-3633.html	utf-8
my_file-3634.html	utf-8
my_file-3635.html	utf-8
my_file-3636.html	utf-8
my_file-3637.html	utf-8
my_file-3638.html	utf-8
my_file-3639.html	utf-8
my_file-364.html	utf-8
my_file-3640.html	utf-8
my_file-3641.html	utf-8
my_file-3642.html	utf-8
my_file-3643.html	utf-8
my_file-3644.html	utf-8
my_file-3645.html	utf-8
my_file-3646.html	utf-8
my_file-3647.html	utf-8
my_file-3648.html	utf-8
my_file-3649.html	utf-8
my_file-365.html	utf-8
my_file-3650.html	utf-8
my_file-3651.html	utf-8
my_file-3652.html	utf-8
my_file-3653.html	utf-8
my_file-3654.html	utf-8
my_file-3655.html	utf-8
my_file-3656.html	utf-8
my_file-3657.html	utf-8
my_file-3658.html	utf-8
my_file-3659.html	utf-8
my_file-366.html	utf-8
my_file-3660.html	utf-8
my_file-3661.html	utf-8
my_file-3662.html	utf-8
my_file-3663.html	utf-8
my_file-3664.html	utf-8
my_file-3665.html	utf-8
my_file-3666.html	utf-8
my_file-3667.html	utf-8
my_file-3668.html	utf-8
my_file-3669.html	utf-8
my_file-367.html	utf-8
my_file-3670.html	utf-8
my_file-3671.html	utf-8
my_file-3672.html	utf-8
my_file-3673.html	utf-8
my_file-3674.html	utf-8
my_file-3675.html	utf-8
my_file-3676.html	utf-8
my_file-3677.html	utf-8
my_file-3678.html	utf-8
my_file-3679.html	utf-8
my_file-368.html	utf-8
my_file-3680.html	utf-8
my_file-3681.html	utf-8
my_file-3682.html	utf-8
my_file-3683.html	utf-8
my_file-3684.html	utf-8
my_file-3685.html	utf-8
my_file-3686.html	utf-8
my_file-3687.html	utf-8
my_file-3688.html	utf-8
my_file-3689.html	utf-8
my_file-369.html	utf-8
my_file-3690.html	utf-8
my_file-3691.html	utf-8
my_file-3692.html	utf-8
my_file-3693.html	utf-8
my_file-3694.html	utf-8
my_file-3695.html	utf-8
my_file-3696.html	utf-8
my_file-3697.html	utf-8
my_file-3698.html	utf-8
my_file-3699.html	utf-8
my_file-37.html	utf-8
my_file-370.html	utf-8
my_file-3700.html	utf-8
my_file-3701.html	utf-8
my_file-3702.html	utf-8
my_file-3703.html	utf-8
my_file-3704.html	utf-8
my_file-3705.html	utf-8
my_file-3706.html	utf-8
my_file-3707.html	utf-8
my_file-3708.html	utf-8
my_file-3709.html	utf-8
my_file-371.html	utf-8
my_file-3710.html	utf-8
my_file-3711.html	utf-8
my_file-3712.html	utf-8
my_file-3713.html	utf-8
my_file-3714.html	utf-8
my_file-3715.html	utf-8
my_file-3716.html	utf-8
my_file-3717.html	utf-8
my_file-3718.html	utf-8
my_file-3719.html	utf-8
my_file-372.html	utf-8
my_file-3720.html	utf-8
my_file-3721.html	utf-8
my_file-3722.html	utf-8
my_file-3723.html	utf-8
my_file-3724.html	utf-8
my_file-3725.html	utf-8
my_file-3726.html	utf-8
my_file-3727.html	utf-8
my_file-3728.html	utf-8
my_file-3729.html	utf-8
my_file-373.html	utf-8
my_file-3730.html	utf-8
my_file-3731.html	
my_file-3732.html	
my_file-3733.html	Windows-1254
my_file-3734.html	utf-8
my_file-3735.html	GB2312
my_file-3736.html	GB2312
my_file-3737.html	GB2312
my_file-3738.html	GB2312
my_file-3739.html	GB2312
my_file-374.html	utf-8
my_file-3740.html	GB2312
my_file-3741.html	GB2312
my_file-3742.html	GB2312
my_file-3743.html	GB2312
my_file-3744.html	GB2312
my_file-3745.html	GB2312
my_file-3746.html	GB2312
my_file-3747.html	GB2312
my_file-3748.html	GB2312
my_file-3749.html	GB2312
my_file-375.html	utf-8
my_file-3750.html	GB2312
my_file-3751.html	GB2312
my_file-3752.html	GB2312
my_file-3753.html	GB2312
my_file-3754.html	GB2312
my_file-3755.html	GB2312
my_file-3756.html	GB2312
my_file-3757.html	GB2312
my_file-3758.html	GB2312
my_file-3759.html	GB2312
my_file-376.html	utf-8
my_file-3760.html	GB2312
my_file-3761.html	GB2312
my_file-3762.html	GB2312
my_file-3763.html	GB2312
my_file-3764.html	GB2312
my_file-3765.html	GB2312
my_file-3766.html	GB2312
my_file-3767.html	GB2312
my_file-3768.html	GB2312
my_file-3769.html	GB2312
my_file-377.html	utf-8
my_file-3770.html	GB2312
my_file-3771.html	GB2312
my_file-3772.html	GB2312
my_file-3773.html	GB2312
my_file-3774.html	GB2312
my_file-3775.html	GB2312
my_file-3776.html	GB2312
my_file-3777.html	GB2312
my_file-3778.html	GB2312
my_file-3779.html	GB2312
my_file-378.html	utf-8
my_file-3780.html	GB2312
my_file-3781.html	GB2312
my_file-3782.html	GB2312
my_file-3783.html	GB2312
my_file-3784.html	GB2312
my_file-3785.html	GB2312
my_file-3786.html	GB2312
my_file-3787.html	GB2312
my_file-3788.html	GB2312
my_file-3789.html	GB2312
my_file-379.html	utf-8
my_file-3790.html	GB2312
my_file-3791.html	GB2312
my_file-3792.html	GB2312
my_file-3793.html	GB2312
my_file-3794.html	GB2312
my_file-3795.html	GB2312
my_file-3796.html	GB2312
my_file-3797.html	Windows-1254
my_file-3798.html	utf-8
my_file-3799.html	utf-8
my_file-38.html	utf-8
my_file-380.html	utf-8
my_file-3800.html	
my_file-3801.html	utf-8
my_file-3802.html	utf-8
my_file-3803.html	GB2312
my_file-3804.html	utf-8
my_file-3805.html	utf-8
my_file-3806.html	utf-8
my_file-3807.html	utf-8
my_file-3808.html	Windows-1254
my_file-3809.html	utf-8
my_file-381.html	utf-8
my_file-3810.html	Windows-1254
my_file-3811.html	utf-8
my_file-3812.html	Windows-1254
my_file-3813.html	utf-8
my_file-3814.html	utf-8
my_file-3815.html	utf-8
my_file-3816.html	utf-8
my_file-3817.html	utf-8
my_file-3818.html	utf-8
my_file-3819.html	Windows-1254
my_file-382.html	utf-8
my_file-3820.html	utf-8
my_file-3821.html	utf-8
my_file-3822.html	utf-8
my_file-3823.html	utf-8
my_file-3824.html	utf-8
my_file-3825.html	utf-8
my_file-3826.html	utf-8
my_file-3827.html	utf-8
my_file-3828.html	utf-8
my_file-3829.html	utf-8
my_file-383.html	utf-8
my_file-3830.html	utf-8
my_file-3831.html	utf-8
my_file-3832.html	utf-8
my_file-3833.html	utf-8
my_file-3834.html	GB2312
my_file-3835.html	GB2312
my_file-3836.html	GB2312
my_file-3837.html	GB2312
my_file-3838.html	GB2312
my_file-3839.html	utf-8
my_file-384.html	utf-8
my_file-3840.html	utf-8
my_file-3841.html	
my_file-3842.html	
my_file-3843.html	Windows-1254
my_file-3844.html	utf-8
my_file-3845.html	utf-8
my_file-3846.html	utf-8
my_file-3847.html	utf-8
my_file-3848.html	utf-8
my_file-3849.html	utf-8
my_file-385.html	utf-8
my_file-3850.html	utf-8
my_file-3851.html	utf-8
my_file-3852.html	utf-8
my_file-3853.html	utf-8
my_file-3854.html	utf-8
my_file-3855.html	utf-8
my_file-3856.html	utf-8
my_file-3857.html	utf-8
my_file-3858.html	utf-8
my_file-3859.html	utf-8
my_file-386.html	utf-8
my_file-3860.html	utf-8
my_file-3861.html	utf-8
my_file-3862.html	utf-8
my_file-3863.html	utf-8
my_file-3864.html	utf-8
my_file-3865.html	utf-8
my_file-3866.html	Windows-1254
my_file-3867.html	
my_file-3868.html	GB2312
my_file-3869.html	utf-8
my_file-387.html	utf-8
my_file-3870.html	utf-8
my_file-3871.html	
my_file-3872.html	utf-8
my_file-3873.html	utf-8
my_file-3874.html	GB2312
my_file-3875.html	GB2312
my_file-3876.html	GB2312
my_file-3877.html	GB2312
my_file-3878.html	GB2312
my_file-3879.html	GB2312
my_file-388.html	utf-8
my_file-3880.html	GB2312
my_file-3881.html	GB2312
my_file-3882.html	GB2312
my_file-3883.html	utf-8
my_file-3884.html	utf-8
my_file-3885.html	utf-8
my_file-3886.html	utf-8
my_file-3887.html	ISO-8859-1
my_file-3888.html	utf-8
my_file-3889.html	Windows-1254
my_file-389.html	utf-8
my_file-3890.html	utf-8
my_file-3891.html	Windows-1254
my_file-3892.html	utf-8
my_file-3893.html	utf-8
my_file-3894.html	utf-8
my_file-3895.html	GB2312
my_file-3896.html	
my_file-3897.html	utf-8
my_file-3898.html	utf-8
my_file-3899.html	utf-8
my_file-39.html	utf-8
my_file-390.html	utf-8
my_file-3900.html	utf-8
my_file-3901.html	utf-8
my_file-3902.html	GB2312
my_file-3903.html	GB2312
my_file-3904.html	utf-8
my_file-3905.html	GB2312
my_file-3906.html	
my_file-3907.html	GB2312
my_file-3908.html	GB2312
my_file-3909.html	GB2312
my_file-391.html	utf-8
my_file-3910.html	GB2312
my_file-3911.html	GB2312
my_file-3912.html	GB2312
my_file-3913.html	GB2312
my_file-3914.html	GB2312
my_file-3915.html	GB2312
my_file-3916.html	GB2312
my_file-3917.html	GB2312
my_file-392.html	utf-8
my_file-393.html	utf-8
my_file-394.html	utf-8
my_file-395.html	utf-8
my_file-396.html	utf-8
my_file-397.html	utf-8
my_file-398.html	utf-8
my_file-399.html	utf-8
my_file-4.html	utf-8
my_file-40.html	utf-8
my_file-400.html	utf-8
my_file-401.html	utf-8
my_file-402.html	utf-8
my_file-403.html	utf-8
my_file-404.html	utf-8
my_file-405.html	utf-8
my_file-406.html	utf-8
my_file-407.html	utf-8
my_file-408.html	utf-8
my_file-409.html	utf-8
my_file-41.html	utf-8
my_file-410.html	utf-8
my_file-411.html	utf-8
my_file-412.html	utf-8
my_file-413.html	utf-8
my_file-414.html	utf-8
my_file-415.html	utf-8
my_file-416.html	utf-8
my_file-417.html	utf-8
my_file-418.html	utf-8
my_file-419.html	utf-8
my_file-42.html	utf-8
my_file-420.html	utf-8
my_file-421.html	utf-8
my_file-422.html	utf-8
my_file-423.html	utf-8
my_file-424.html	utf-8
my_file-425.html	utf-8
my_file-426.html	utf-8
my_file-427.html	utf-8
my_file-428.html	utf-8
my_file-429.html	utf-8
my_file-43.html	utf-8
my_file-430.html	utf-8
my_file-431.html	utf-8
my_file-432.html	utf-8
my_file-433.html	utf-8
my_file-434.html	utf-8
my_file-435.html	utf-8
my_file-436.html	utf-8
my_file-437.html	utf-8
my_file-438.html	utf-8
my_file-439.html	utf-8
my_file-44.html	utf-8
my_file-440.html	utf-8
my_file-441.html	utf-8
my_file-442.html	utf-8
my_file-443.html	utf-8
my_file-444.html	Windows-1254
my_file-445.html	utf-8
my_file-446.html	utf-8
my_file-447.html	utf-8
my_file-448.html	utf-8
my_file-449.html	utf-8
my_file-45.html	utf-8
my_file-450.html	utf-8
my_file-451.html	utf-8
my_file-452.html	utf-8
my_file-453.html	utf-8
my_file-454.html	utf-8
my_file-455.html	utf-8
my_file-456.html	utf-8
my_file-457.html	utf-8
my_file-458.html	utf-8
my_file-459.html	utf-8
my_file-46.html	utf-8
my_file-460.html	utf-8
my_file-461.html	utf-8
my_file-462.html	utf-8
my_file-463.html	utf-8
my_file-464.html	utf-8
my_file-465.html	utf-8
my_file-466.html	utf-8
my_file-467.html	utf-8
my_file-468.html	utf-8
my_file-469.html	utf-8
my_file-47.html	utf-8
my_file-470.html	utf-8
my_file-471.html	utf-8
my_file-472.html	utf-8
my_file-473.html	utf-8
my_file-474.html	utf-8
my_file-475.html	utf-8
my_file-476.html	utf-8
my_file-477.html	utf-8
my_file-478.html	utf-8
my_file-479.html	utf-8
my_file-48.html	utf-8
my_file-480.html	utf-8
my_file-481.html	utf-8
my_file-482.html	utf-8
my_file-483.html	utf-8
my_file-484.html	utf-8
my_file-485.html	utf-8
my_file-486.html	utf-8
my_file-487.html	utf-8
my_file-488.html	utf-8
my_file-489.html	utf-8
my_file-49.html	utf-8
my_file-490.html	utf-8
my_file-491.html	utf-8
my_file-492.html	utf-8
my_file-493.html	utf-8
my_file-494.html	utf-8
my_file-495.html	utf-8
my_file-496.html	utf-8
my_file-497.html	utf-8
my_file-498.html	utf-8
my_file-499.html	utf-8
my_file-5.html	utf-8
my_file-50.html	utf-8
my_file-500.html	utf-8
my_file-501.html	utf-8
my_file-502.html	utf-8
my_file-503.html	utf-8
my_file-504.html	utf-8
my_file-505.html	utf-8
my_file-506.html	utf-8
my_file-507.html	utf-8
my_file-508.html	utf-8
my_file-509.html	utf-8
my_file-51.html	utf-8
my_file-510.html	utf-8
my_file-511.html	utf-8
my_file-512.html	utf-8
my_file-513.html	utf-8
my_file-514.html	utf-8
my_file-515.html	utf-8
my_file-516.html	utf-8
my_file-517.html	utf-8
my_file-518.html	utf-8
my_file-519.html	utf-8
my_file-52.html	utf-8
my_file-520.html	utf-8
my_file-521.html	utf-8
my_file-522.html	utf-8
my_file-523.html	utf-8
my_file-524.html	utf-8
my_file-525.html	utf-8
my_file-526.html	utf-8
my_file-527.html	utf-8
my_file-528.html	utf-8
my_file-529.html	utf-8
my_file-53.html	utf-8
my_file-530.html	utf-8
my_file-531.html	utf-8
my_file-532.html	utf-8
my_file-533.html	utf-8
my_file-534.html	utf-8
my_file-535.html	utf-8
my_file-536.html	utf-8
my_file-537.html	utf-8
my_file-538.html	utf-8
my_file-539.html	utf-8
my_file-54.html	utf-8
my_file-540.html	utf-8
my_file-541.html	utf-8
my_file-542.html	utf-8
my_file-543.html	utf-8
my_file-544.html	utf-8
my_file-545.html	utf-8
my_file-546.html	utf-8
my_file-547.html	utf-8
my_file-548.html	utf-8
my_file-549.html	utf-8
my_file-55.html	utf-8
my_file-550.html	utf-8
my_file-551.html	utf-8
my_file-552.html	utf-8
my_file-553.html	utf-8
my_file-554.html	utf-8
my_file-555.html	utf-8
my_file-556.html	utf-8
my_file-557.html	utf-8
my_file-558.html	utf-8
my_file-559.html	utf-8
my_file-56.html	utf-8
my_file-560.html	utf-8
my_file-561.html	utf-8
my_file-562.html	utf-8
my_file-563.html	utf-8
my_file-564.html	utf-8
my_file-565.html	utf-8
my_file-566.html	utf-8
my_file-567.html	utf-8
my_file-568.html	utf-8
my_file-569.html	utf-8
my_file-57.html	utf-8
my_file-570.html	utf-8
my_file-571.html	utf-8
my_file-572.html	utf-8
my_file-573.html	utf-8
my_file-574.html	utf-8
my_file-575.html	utf-8
my_file-576.html	utf-8
my_file-577.html	utf-8
my_file-578.html	utf-8
my_file-579.html	utf-8
my_file-58.html	utf-8
my_file-580.html	utf-8
my_file-581.html	utf-8
my_file-582.html	utf-8
my_file-583.html	utf-8
my_file-584.html	utf-8
my_file-585.html	utf-8
my_file-586.html	utf-8
my_file-587.html	utf-8
my_file-588.html	utf-8
my_file-589.html	utf-8
my_file-59.html	utf-8
my_file-590.html	utf-8
my_file-591.html	utf-8
my_file-592.html	utf-8
my_file-593.html	utf-8
my_file-594.html	utf-8
my_file-595.html	utf-8
my_file-596.html	utf-8
my_file-597.html	utf-8
my_file-598.html	utf-8
my_file-599.html	utf-8
my_file-6.html	utf-8
my_file-60.html	utf-8
my_file-600.html	utf-8
my_file-601.html	utf-8
my_file-602.html	utf-8
my_file-603.html	utf-8
my_file-604.html	utf-8
my_file-605.html	utf-8
my_file-606.html	utf-8
my_file-607.html	utf-8
my_file-608.html	utf-8
my_file-609.html	utf-8
my_file-61.html	utf-8
my_file-610.html	utf-8
my_file-611.html	utf-8
my_file-612.html	utf-8
my_file-613.html	utf-8
my_file-614.html	utf-8
my_file-615.html	utf-8
my_file-616.html	utf-8
my_file-617.html	utf-8
my_file-618.html	utf-8
my_file-619.html	utf-8
my_file-62.html	utf-8
my_file-620.html	utf-8
my_file-621.html	utf-8
my_file-622.html	utf-8
my_file-623.html	utf-8
my_file-624.html	utf-8
my_file-625.html	utf-8
my_file-626.html	utf-8
my_file-627.html	utf-8
my_file-628.html	utf-8
my_file-629.html	utf-8
my_file-63.html	utf-8
my_file-630.html	utf-8
my_file-631.html	utf-8
my_file-632.html	utf-8
my_file-633.html	utf-8
my_file-634.html	utf-8
my_file-635.html	utf-8
my_file-636.html	utf-8
my_file-637.html	Windows-1254
my_file-638.html	utf-8
my_file-639.html	utf-8
my_file-64.html	utf-8
my_file-640.html	utf-8
my_file-641.html	utf-8
my_file-642.html	utf-8
my_file-643.html	utf-8
my_file-644.html	utf-8
my_file-645.html	utf-8
my_file-646.html	utf-8
my_file-647.html	utf-8
my_file-648.html	utf-8
my_file-649.html	utf-8
my_file-65.html	utf-8
my_file-650.html	utf-8
my_file-651.html	utf-8
my_file-652.html	utf-8
my_file-653.html	utf-8
my_file-654.html	utf-8
my_file-655.html	utf-8
my_file-656.html	utf-8
my_file-657.html	utf-8
my_file-658.html	utf-8
my_file-659.html	utf-8
my_file-66.html	utf-8
my_file-660.html	utf-8
my_file-661.html	utf-8
my_file-662.html	utf-8
my_file-663.html	utf-8
my_file-664.html	utf-8
my_file-665.html	utf-8
my_file-666.html	utf-8
my_file-667.html	utf-8
my_file-668.html	utf-8
my_file-669.html	utf-8
my_file-67.html	utf-8
my_file-670.html	utf-8
my_file-671.html	utf-8
my_file-672.html	utf-8
my_file-673.html	utf-8
my_file-674.html	utf-8
my_file-675.html	utf-8
my_file-676.html	utf-8
my_file-677.html	utf-8
my_file-678.html	utf-8
my_file-679.html	utf-8
my_file-68.html	utf-8
my_file-680.html	utf-8
my_file-681.html	utf-8
my_file-682.html	utf-8
my_file-683.html	utf-8
my_file-684.html	utf-8
my_file-685.html	utf-8
my_file-686.html	utf-8
my_file-687.html	utf-8
my_file-688.html	utf-8
my_file-689.html	utf-8
my_file-69.html	GB2312
my_file-690.html	utf-8
my_file-691.html	utf-8
my_file-692.html	utf-8
my_file-693.html	utf-8
my_file-694.html	utf-8
my_file-695.html	utf-8
my_file-696.html	utf-8
my_file-697.html	utf-8
my_file-698.html	utf-8
my_file-699.html	Windows-1254
my_file-7.html	utf-8
my_file-70.html	utf-8
my_file-700.html	utf-8
my_file-701.html	utf-8
my_file-702.html	utf-8
my_file-703.html	utf-8
my_file-704.html	utf-8
my_file-705.html	utf-8
my_file-706.html	utf-8
my_file-707.html	utf-8
my_file-708.html	utf-8
my_file-709.html	utf-8
my_file-71.html	utf-8
my_file-710.html	utf-8
my_file-711.html	utf-8
my_file-712.html	utf-8
my_file-713.html	utf-8
my_file-714.html	utf-8
my_file-715.html	utf-8
my_file-716.html	utf-8
my_file-717.html	utf-8
my_file-718.html	utf-8
my_file-719.html	utf-8
my_file-72.html	utf-8
my_file-720.html	utf-8
my_file-721.html	utf-8
my_file-722.html	utf-8
my_file-723.html	utf-8
my_file-724.html	utf-8
my_file-725.html	utf-8
my_file-726.html	utf-8
my_file-727.html	utf-8
my_file-728.html	utf-8
my_file-729.html	utf-8
my_file-73.html	utf-8
my_file-730.html	utf-8
my_file-731.html	Big5
my_file-732.html	Big5
my_file-733.html	Big5
my_file-734.html	Big5
my_file-735.html	Big5
my_file-736.html	Big5
my_file-737.html	Big5
my_file-738.html	Big5
my_file-739.html	utf-8
my_file-74.html	utf-8
my_file-740.html	utf-8
my_file-741.html	Big5
my_file-742.html	Big5
my_file-743.html	utf-8
my_file-744.html	Big5
my_file-745.html	Big5
my_file-746.html	Big5
my_file-747.html	Big5
my_file-748.html	GB2312
my_file-749.html	GB2312
my_file-75.html	utf-8
my_file-750.html	Big5
my_file-751.html	utf-8
my_file-752.html	Big5
my_file-753.html	Big5
my_file-754.html	GB2312
my_file-755.html	GB2312
my_file-756.html	Big5
my_file-757.html	utf-8
my_file-758.html	GB2312
my_file-759.html	GB2312
my_file-76.html	utf-8
my_file-760.html	utf-8
my_file-761.html	utf-8
my_file-762.html	utf-8
my_file-763.html	Big5
my_file-764.html	utf-8
my_file-765.html	utf-8
my_file-766.html	utf-8
my_file-767.html	utf-8
my_file-768.html	utf-8
my_file-769.html	Big5
my_file-77.html	utf-8
my_file-770.html	utf-8
my_file-771.html	Big5
my_file-772.html	utf-8
my_file-773.html	Big5
my_file-774.html	utf-8
my_file-775.html	Big5
my_file-776.html	Big5
my_file-777.html	utf-8
my_file-778.html	utf-8
my_file-779.html	Big5
my_file-78.html	Windows-1254
my_file-780.html	utf-8
my_file-781.html	utf-8
my_file-782.html	Big5
my_file-783.html	utf-8
my_file-784.html	Big5
my_file-785.html	Big5
my_file-786.html	utf-8
my_file-787.html	GB2312
my_file-788.html	utf-8
my_file-789.html	utf-8
my_file-79.html	utf-8
my_file-790.html	GB2312
my_file-791.html	GB2312
my_file-792.html	utf-8
my_file-793.html	GB2312
my_file-794.html	GB2312
my_file-795.html	GB2312
my_file-796.html	GB2312
my_file-797.html	GB2312
my_file-798.html	utf-8
my_file-799.html	utf-8
my_file-8.html	utf-8
my_file-80.html	utf-8
my_file-800.html	utf-8
my_file-801.html	utf-8
my_file-802.html	utf-8
my_file-803.html	GB2312
my_file-804.html	GB2312
my_file-805.html	GB2312
my_file-806.html	GB2312
my_file-807.html	utf-8
my_file-808.html	utf-8
my_file-809.html	utf-8
my_file-81.html	utf-8
my_file-810.html	utf-8
my_file-811.html	utf-8
my_file-812.html	utf-8
my_file-813.html	GB2312
my_file-814.html	utf-8
my_file-815.html	GB2312
my_file-816.html	utf-8
my_file-817.html	utf-8
my_file-818.html	utf-8
my_file-819.html	GB2312
my_file-82.html	utf-8
my_file-820.html	utf-8
my_file-821.html	utf-8
my_file-822.html	utf-8
my_file-823.html	GB2312
my_file-824.html	utf-8
my_file-825.html	utf-8
my_file-826.html	utf-8
my_file-827.html	utf-8
my_file-828.html	utf-8
my_file-829.html	utf-8
my_file-83.html	utf-8
my_file-830.html	utf-8
my_file-831.html	GB2312
my_file-832.html	GB2312
my_file-833.html	GB2312
my_file-834.html	GB2312
my_file-835.html	GB2312
my_file-836.html	GB2312
my_file-837.html	GB2312
my_file-838.html	GB2312
my_file-839.html	GB2312
my_file-84.html	utf-8
my_file-840.html	GB2312
my_file-841.html	GB2312
my_file-842.html	GB2312
my_file-843.html	GB2312
my_file-844.html	GB2312
my_file-845.html	GB2312
my_file-846.html	GB2312
my_file-847.html	GB2312
my_file-848.html	GB2312
my_file-849.html	GB2312
my_file-85.html	utf-8
my_file-850.html	GB2312
my_file-851.html	GB2312
my_file-852.html	GB2312
my_file-853.html	GB2312
my_file-854.html	GB2312
my_file-855.html	GB2312
my_file-856.html	GB2312
my_file-857.html	GB2312
my_file-858.html	GB2312
my_file-859.html	GB2312
my_file-86.html	utf-8
my_file-860.html	GB2312
my_file-861.html	GB2312
my_file-862.html	GB2312
my_file-863.html	GB2312
my_file-864.html	GB2312
my_file-865.html	GB2312
my_file-866.html	GB2312
my_file-867.html	GB2312
my_file-868.html	GB2312
my_file-869.html	GB2312
my_file-87.html	utf-8
my_file-870.html	GB2312
my_file-871.html	GB2312
my_file-872.html	GB2312
my_file-873.html	GB2312
my_file-874.html	GB2312
my_file-875.html	GB2312
my_file-876.html	GB2312
my_file-877.html	GB2312
my_file-878.html	GB2312
my_file-879.html	GB2312
my_file-88.html	utf-8
my_file-880.html	GB2312
my_file-881.html	GB2312
my_file-882.html	GB2312
my_file-883.html	GB2312
my_file-884.html	GB2312
my_file-885.html	GB2312
my_file-886.html	GB2312
my_file-887.html	GB2312
my_file-888.html	GB2312
my_file-889.html	GB2312
my_file-89.html	utf-8
my_file-890.html	GB2312
my_file-891.html	utf-8
my_file-892.html	GB2312
my_file-893.html	GB2312
my_file-894.html	GB2312
my_file-895.html	GB2312
my_file-896.html	GB2312
my_file-897.html	GB2312
my_file-898.html	GB2312
my_file-899.html	GB2312
my_file-9.html	utf-8
my_file-90.html	utf-8
my_file-900.html	GB2312
my_file-901.html	utf-8
my_file-902.html	GB2312
my_file-903.html	GB2312
my_file-904.html	GB2312
my_file-905.html	GB2312
my_file-906.html	GB2312
my_file-907.html	GB2312
my_file-908.html	GB2312
my_file-909.html	GB2312
my_file-91.html	utf-8
my_file-910.html	GB2312
my_file-911.html	utf-8
my_file-912.html	utf-8
my_file-913.html	utf-8
my_file-914.html	utf-8
my_file-915.html	Big5
my_file-916.html	Big5
my_file-917.html	Big5
my_file-918.html	Big5
my_file-919.html	Big5
my_file-92.html	utf-8
my_file-920.html	Big5
my_file-921.html	Big5
my_file-922.html	Big5
my_file-923.html	Big5
my_file-924.html	Big5
my_file-925.html	Big5
my_file-926.html	Big5
my_file-927.html	Big5
my_file-928.html	Big5
my_file-929.html	Big5
my_file-93.html	utf-8
my_file-930.html	Big5
my_file-931.html	Big5
my_file-932.html	Big5
my_file-933.html	Big5
my_file-934.html	Big5
my_file-935.html	Big5
my_file-936.html	utf-8
my_file-937.html	utf-8
my_file-938.html	utf-8
my_file-939.html	utf-8
my_file-94.html	utf-8
my_file-940.html	utf-8
my_file-941.html	utf-8
my_file-942.html	utf-8
my_file-943.html	utf-8
my_file-944.html	utf-8
my_file-945.html	utf-8
my_file-946.html	utf-8
my_file-947.html	GB2312
my_file-948.html	GB2312
my_file-949.html	GB2312
my_file-95.html	utf-8
my_file-950.html	GB2312
my_file-951.html	GB2312
my_file-952.html	GB2312
my_file-953.html	utf-8
my_file-954.html	utf-8
my_file-955.html	utf-8
my_file-956.html	utf-8
my_file-957.html	utf-8
my_file-958.html	utf-8
my_file-959.html	utf-8
my_file-96.html	utf-8
my_file-960.html	utf-8
my_file-961.html	utf-8
my_file-962.html	utf-8
my_file-963.html	utf-8
my_file-964.html	utf-8
my_file-965.html	utf-8
my_file-966.html	utf-8
my_file-967.html	utf-8
my_file-968.html	utf-8
my_file-969.html	utf-8
my_file-97.html	utf-8
my_file-970.html	utf-8
my_file-971.html	utf-8
my_file-972.html	utf-8
my_file-973.html	utf-8
my_file-974.html	utf-8
my_file-975.html	utf-8
my_file-976.html	utf-8
my_file-977.html	utf-8
my_file-978.html	utf-8
my_file-979.html	utf-8
my_file-98.html	utf-8
my_file-980.html	utf-8
my_file-981.html	utf-8
my_file-982.html	utf-8
my_file-983.html	utf-8
my_file-984.html	utf-8
my_file-985.html	utf-8
my_file-986.html	utf-8
my_file-987.html	utf-8
my_file-988.html	utf-8
my_file-989.html	utf-8
my_file-99.html	utf-8
my_file-990.html	utf-8
my_file-991.html	utf-8
my_file-992.html	utf-8
my_file-993.html	utf-8
my_file-994.html	utf-8
my_file-995.html	utf-8
my_file-996.html	utf-8
my_file-997.html	utf-8
my_file-998.html	utf-8
my_file-999.html	utf-8
