Titre	URL	Date de publication	Auteur	Étiquettes
Deux articles recents	https://median.hypotheses.org/2669	Tue, 08 Sep 2020 09:57:12 +0000	Pierre Schneider	Asie et Pacifique;Mondes connectés
Circulations savantes entre la France et l’Europe médiane à l’ère numérique revues, plurilinguisme, traduction	https://cem.hypotheses.org/2314	Tue, 08 Sep 2020 06:37:00 +0000	GDR CEM	Europe médiane et mondes russes
Making books as an archival practice	https://thecamel.hypotheses.org/2136	Tue, 08 Sep 2020 06:30:00 +0000	Torsten Wollina	Moyen-Orient et mondes musulmans
Heidelberg – Academia Germaniei	https://silviumiloiu.hypotheses.org/848	Tue, 08 Sep 2020 06:16:33 +0000	Silviu Miloiu	Europe médiane et mondes russes
461è jour de détention : message de Dale Eickelman	https://faribaroland.hypotheses.org/9129	Tue, 08 Sep 2020 05:49:50 +0000	Richard Banegas	Moyen-Orient et mondes musulmans
Deux interventions de Lee Ju-Ling au Filmosa Festival	https://cecmc.hypotheses.org/60932	Mon, 07 Sep 2020 21:51:00 +0000	Monique Abud	Asie et Pacifique
L’art de gouverner en Asie. Sources, héritages, créations et recréations	https://cecmc.hypotheses.org/60947	Mon, 07 Sep 2020 18:10:00 +0000	Monique Abud	Asie et Pacifique
Utopia and Utopianism in the Contemporary Chinese Context	https://cecmc.hypotheses.org/60943	Mon, 07 Sep 2020 17:52:00 +0000	Monique Abud	Asie et Pacifique
Qualifier l’engagement des Syriennes dans la révolution	https://shakk.hypotheses.org/2225	Mon, 07 Sep 2020 16:24:06 +0000	Shakk	Mis en avant;Moyen-Orient et mondes musulmans
Research Projects supported by CEDEJ Khartoum – 2020	https://cedejsudan.hypotheses.org/3116	Mon, 07 Sep 2020 15:40:09 +0000	cedejsudan	Afrique
Les correspondances des Antilles, entre affaires familiales et affaires économiques	https://naom.hypotheses.org/1544	Mon, 07 Sep 2020 15:33:24 +0000	Caroline Le Mao	Mondes connectés
“Barra olímpica”: projetos imobiliários, suas ruínas, condomínios e favelas	https://etnourb.hypotheses.org/3123	Mon, 07 Sep 2020 15:12:00 +0000	rita	Amériques
A PROPÓSITO DA CARTA DE PALOMA AMADO A GUGA CHACRA – Samira Adel Osman	https://histobs.hypotheses.org/1126	Mon, 07 Sep 2020 14:49:03 +0000	Observatório da História	Amériques
